--------------------------------------------------------
--  File created - nedjelja-prosinca-04-2022   
--------------------------------------------------------
--------------------------------------------------------
--  DDL for Table ARTIKL_NABAVA
--------------------------------------------------------
CREATE TABLE "ARTIKL_NABAVA"
(
    "ID_ARTIKL_NABAVA"         NUMBER GENERATED BY DEFAULT ON NULL AS IDENTITY MINVALUE 1 MAXVALUE 9999999999999999999999999999 INCREMENT BY 1 START WITH 1 CACHE 20 NOORDER NOCYCLE NOKEEP NOSCALE,
    "SIFRA"                    NVARCHAR2(10),
    "GRUPA_ARTIKALA_NABAVA_ID" NUMBER,
    "NAZIV"                    NVARCHAR2(100),
    "JEDINICA_MJERE_ID"        NUMBER,
    "NABAVNA_CIJENA"           NUMBER(12, 2),
    "PRODAJNA_CIJENA"          NUMBER(12, 2)
);
--------------------------------------------------------
--  DDL for Table ARTIKL_PRODAJA
--------------------------------------------------------
CREATE TABLE "ARTIKL_PRODAJA"
(
    "ID_ARTIKL_PRODAJA"         NUMBER GENERATED BY DEFAULT ON NULL AS IDENTITY MINVALUE 1 MAXVALUE 9999999999999999999999999999 INCREMENT BY 1 START WITH 1 CACHE 20 NOORDER NOCYCLE NOKEEP NOSCALE,
    "SIFRA"                     NVARCHAR2(10),
    "GRUPA_ARTIKALA_PRODAJA_ID" NUMBER,
    "NAZIV"                     NVARCHAR2(100),
    "JEDINICA_MJERE_ID"         NUMBER,
    "CIJENA"                    NUMBER(12, 2),
    "BRISANO"                   NUMBER(1, 0) DEFAULT 0
);
--------------------------------------------------------
--  DDL for Table GRUPA_ARTIKALA_NABAVA
--------------------------------------------------------
CREATE TABLE "GRUPA_ARTIKALA_NABAVA"
(
    "ID_GRUPA_ARTIKALA_NABAVA" NUMBER,
    "NAZIV"                    NVARCHAR2(100),
    "POREZNA_STOPA_ID"         NUMBER,
    "VIDLJIVO"                 NUMBER(1, 0) DEFAULT 1
);
--------------------------------------------------------
--  DDL for Table GRUPA_ARTIKALA_PRODAJA
--------------------------------------------------------
CREATE TABLE "GRUPA_ARTIKALA_PRODAJA"
(
    "ID_GRUPA_ARTIKALA_PRODAJA" NUMBER,
    "NAZIV"                     NVARCHAR2(100),
    "POREZNA_STOPA_ID"          NUMBER,
    "VIDLJIVO"                  NUMBER(1, 0) DEFAULT 1
);
--------------------------------------------------------
--  DDL for Table JEDINICA_MJERE
--------------------------------------------------------
CREATE TABLE "JEDINICA_MJERE"
(
    "ID_JEDINICA_MJERE" NUMBER GENERATED BY DEFAULT ON NULL AS IDENTITY MINVALUE 1 MAXVALUE 9999999999999999999999999999 INCREMENT BY 1 START WITH 1 CACHE 20 NOORDER NOCYCLE NOKEEP NOSCALE,
    "OZNAKA"            NVARCHAR2(20)
);
--------------------------------------------------------
--  DDL for Table NORMATIV
--------------------------------------------------------
CREATE TABLE "NORMATIV"
(
    "ID_NORMATIV"       NUMBER GENERATED BY DEFAULT ON NULL AS IDENTITY MINVALUE 1 MAXVALUE 9999999999999999999999999999 INCREMENT BY 1 START WITH 1 CACHE 20 NOORDER NOCYCLE NOKEEP NOSCALE,
    "ARTIKL_PRODAJA_ID" NUMBER,
    "ARTIKL_NABAVA_ID"  NUMBER,
    "UTROSAK"           NUMBER
);
--------------------------------------------------------
--  DDL for Table POREZNA_STOPA
--------------------------------------------------------
CREATE TABLE "POREZNA_STOPA"
(
    "ID_POREZNA_STOPA" NUMBER GENERATED BY DEFAULT ON NULL AS IDENTITY MINVALUE 1 MAXVALUE 9999999999999999999999999999 INCREMENT BY 1 START WITH 1 CACHE 20 NOORDER NOCYCLE NOKEEP NOSCALE,
    "OZNAKA"           NVARCHAR2(10),
    "IZNOS"            NUMBER
);
REM INSERTING into ARTIKL_NABAVA
SET DEFINE OFF;
INSERT INTO ARTIKL_NABAVA (ID_ARTIKL_NABAVA, SIFRA, GRUPA_ARTIKALA_NABAVA_ID, NAZIV, JEDINICA_MJERE_ID, NABAVNA_CIJENA,
                           PRODAJNA_CIJENA)
VALUES ('1', '1', '1', 'Kava', '3', NULL, NULL);
INSERT INTO ARTIKL_NABAVA (ID_ARTIKL_NABAVA, SIFRA, GRUPA_ARTIKALA_NABAVA_ID, NAZIV, JEDINICA_MJERE_ID, NABAVNA_CIJENA,
                           PRODAJNA_CIJENA)
VALUES ('2', '2', '1', 'Mlijeko', '2', NULL, NULL);
INSERT INTO ARTIKL_NABAVA (ID_ARTIKL_NABAVA, SIFRA, GRUPA_ARTIKALA_NABAVA_ID, NAZIV, JEDINICA_MJERE_ID, NABAVNA_CIJENA,
                           PRODAJNA_CIJENA)
VALUES ('3', '3', '1', 'Šeæer ugostiteljski', '1', NULL, NULL);
INSERT INTO ARTIKL_NABAVA (ID_ARTIKL_NABAVA, SIFRA, GRUPA_ARTIKALA_NABAVA_ID, NAZIV, JEDINICA_MJERE_ID, NABAVNA_CIJENA,
                           PRODAJNA_CIJENA)
VALUES ('4', '4', '1', 'Nescaffe', '1', NULL, NULL);
INSERT INTO ARTIKL_NABAVA (ID_ARTIKL_NABAVA, SIFRA, GRUPA_ARTIKALA_NABAVA_ID, NAZIV, JEDINICA_MJERE_ID, NABAVNA_CIJENA,
                           PRODAJNA_CIJENA)
VALUES ('5', '5', '1', 'Èaj menta', '1', NULL, NULL);
INSERT INTO ARTIKL_NABAVA (ID_ARTIKL_NABAVA, SIFRA, GRUPA_ARTIKALA_NABAVA_ID, NAZIV, JEDINICA_MJERE_ID, NABAVNA_CIJENA,
                           PRODAJNA_CIJENA)
VALUES ('6', '6', '1', 'Èaj zeleni', '1', NULL, NULL);
INSERT INTO ARTIKL_NABAVA (ID_ARTIKL_NABAVA, SIFRA, GRUPA_ARTIKALA_NABAVA_ID, NAZIV, JEDINICA_MJERE_ID, NABAVNA_CIJENA,
                           PRODAJNA_CIJENA)
VALUES ('7', '7', '1', 'Èaj šumsko voæe', '1', NULL, NULL);
INSERT INTO ARTIKL_NABAVA (ID_ARTIKL_NABAVA, SIFRA, GRUPA_ARTIKALA_NABAVA_ID, NAZIV, JEDINICA_MJERE_ID, NABAVNA_CIJENA,
                           PRODAJNA_CIJENA)
VALUES ('8', '9', '1', 'Èaj šipak', '1', NULL, NULL);
INSERT INTO ARTIKL_NABAVA (ID_ARTIKL_NABAVA, SIFRA, GRUPA_ARTIKALA_NABAVA_ID, NAZIV, JEDINICA_MJERE_ID, NABAVNA_CIJENA,
                           PRODAJNA_CIJENA)
VALUES ('9', '10', '1', 'Èaj indijski', '1', NULL, NULL);
INSERT INTO ARTIKL_NABAVA (ID_ARTIKL_NABAVA, SIFRA, GRUPA_ARTIKALA_NABAVA_ID, NAZIV, JEDINICA_MJERE_ID, NABAVNA_CIJENA,
                           PRODAJNA_CIJENA)
VALUES ('10', '11', '1', 'Kakao', '3', NULL, NULL);
INSERT INTO ARTIKL_NABAVA (ID_ARTIKL_NABAVA, SIFRA, GRUPA_ARTIKALA_NABAVA_ID, NAZIV, JEDINICA_MJERE_ID, NABAVNA_CIJENA,
                           PRODAJNA_CIJENA)
VALUES ('11', '101', '1', 'Coca Cola 0.25', '1', NULL, NULL);
INSERT INTO ARTIKL_NABAVA (ID_ARTIKL_NABAVA, SIFRA, GRUPA_ARTIKALA_NABAVA_ID, NAZIV, JEDINICA_MJERE_ID, NABAVNA_CIJENA,
                           PRODAJNA_CIJENA)
VALUES ('12', '102', '1', 'Fanta 0.25', '1', NULL, NULL);
INSERT INTO ARTIKL_NABAVA (ID_ARTIKL_NABAVA, SIFRA, GRUPA_ARTIKALA_NABAVA_ID, NAZIV, JEDINICA_MJERE_ID, NABAVNA_CIJENA,
                           PRODAJNA_CIJENA)
VALUES ('13', '103', '1', 'Sprite 0.25', '1', NULL, NULL);
INSERT INTO ARTIKL_NABAVA (ID_ARTIKL_NABAVA, SIFRA, GRUPA_ARTIKALA_NABAVA_ID, NAZIV, JEDINICA_MJERE_ID, NABAVNA_CIJENA,
                           PRODAJNA_CIJENA)
VALUES ('14', '104', '1', 'Cocta 0.25', '1', NULL, NULL);
INSERT INTO ARTIKL_NABAVA (ID_ARTIKL_NABAVA, SIFRA, GRUPA_ARTIKALA_NABAVA_ID, NAZIV, JEDINICA_MJERE_ID, NABAVNA_CIJENA,
                           PRODAJNA_CIJENA)
VALUES ('15', '105', '1', 'Orangina 0.25', '1', NULL, NULL);
INSERT INTO ARTIKL_NABAVA (ID_ARTIKL_NABAVA, SIFRA, GRUPA_ARTIKALA_NABAVA_ID, NAZIV, JEDINICA_MJERE_ID, NABAVNA_CIJENA,
                           PRODAJNA_CIJENA)
VALUES ('16', '106', '1', 'Ledeni èaj 0.20', '1', NULL, NULL);
INSERT INTO ARTIKL_NABAVA (ID_ARTIKL_NABAVA, SIFRA, GRUPA_ARTIKALA_NABAVA_ID, NAZIV, JEDINICA_MJERE_ID, NABAVNA_CIJENA,
                           PRODAJNA_CIJENA)
VALUES ('17', '107', '1', 'Pago sok 0.20', '1', NULL, NULL);
INSERT INTO ARTIKL_NABAVA (ID_ARTIKL_NABAVA, SIFRA, GRUPA_ARTIKALA_NABAVA_ID, NAZIV, JEDINICA_MJERE_ID, NABAVNA_CIJENA,
                           PRODAJNA_CIJENA)
VALUES ('18', '108', '1', 'Schweppes Tonic 0.25', '1', NULL, NULL);
INSERT INTO ARTIKL_NABAVA (ID_ARTIKL_NABAVA, SIFRA, GRUPA_ARTIKALA_NABAVA_ID, NAZIV, JEDINICA_MJERE_ID, NABAVNA_CIJENA,
                           PRODAJNA_CIJENA)
VALUES ('19', '109', '1', 'Schweppes Bitter Lemon 0.25', '1', NULL, NULL);
INSERT INTO ARTIKL_NABAVA (ID_ARTIKL_NABAVA, SIFRA, GRUPA_ARTIKALA_NABAVA_ID, NAZIV, JEDINICA_MJERE_ID, NABAVNA_CIJENA,
                           PRODAJNA_CIJENA)
VALUES ('20', '110', '1', 'Mineralna voda 1L', '2', NULL, NULL);
INSERT INTO ARTIKL_NABAVA (ID_ARTIKL_NABAVA, SIFRA, GRUPA_ARTIKALA_NABAVA_ID, NAZIV, JEDINICA_MJERE_ID, NABAVNA_CIJENA,
                           PRODAJNA_CIJENA)
VALUES ('21', '111', '1', 'Jana 0.50', '1', NULL, NULL);
INSERT INTO ARTIKL_NABAVA (ID_ARTIKL_NABAVA, SIFRA, GRUPA_ARTIKALA_NABAVA_ID, NAZIV, JEDINICA_MJERE_ID, NABAVNA_CIJENA,
                           PRODAJNA_CIJENA)
VALUES ('22', '112', '1', 'Cedevita', '1', NULL, NULL);
INSERT INTO ARTIKL_NABAVA (ID_ARTIKL_NABAVA, SIFRA, GRUPA_ARTIKALA_NABAVA_ID, NAZIV, JEDINICA_MJERE_ID, NABAVNA_CIJENA,
                           PRODAJNA_CIJENA)
VALUES ('23', '115', '1', 'Romerquelle lim. trava 0.33', '1', NULL, NULL);
INSERT INTO ARTIKL_NABAVA (ID_ARTIKL_NABAVA, SIFRA, GRUPA_ARTIKALA_NABAVA_ID, NAZIV, JEDINICA_MJERE_ID, NABAVNA_CIJENA,
                           PRODAJNA_CIJENA)
VALUES ('24', '201', '1', 'Ožujsko 0.5', '1', NULL, NULL);
INSERT INTO ARTIKL_NABAVA (ID_ARTIKL_NABAVA, SIFRA, GRUPA_ARTIKALA_NABAVA_ID, NAZIV, JEDINICA_MJERE_ID, NABAVNA_CIJENA,
                           PRODAJNA_CIJENA)
VALUES ('25', '202', '1', 'Ožujsko 0.33', '1', NULL, NULL);
INSERT INTO ARTIKL_NABAVA (ID_ARTIKL_NABAVA, SIFRA, GRUPA_ARTIKALA_NABAVA_ID, NAZIV, JEDINICA_MJERE_ID, NABAVNA_CIJENA,
                           PRODAJNA_CIJENA)
VALUES ('26', '203', '1', 'Ožujsko Cool 0.5', '1', NULL, NULL);
INSERT INTO ARTIKL_NABAVA (ID_ARTIKL_NABAVA, SIFRA, GRUPA_ARTIKALA_NABAVA_ID, NAZIV, JEDINICA_MJERE_ID, NABAVNA_CIJENA,
                           PRODAJNA_CIJENA)
VALUES ('27', '205', '1', 'Tomislav 0.5', '1', NULL, NULL);
INSERT INTO ARTIKL_NABAVA (ID_ARTIKL_NABAVA, SIFRA, GRUPA_ARTIKALA_NABAVA_ID, NAZIV, JEDINICA_MJERE_ID, NABAVNA_CIJENA,
                           PRODAJNA_CIJENA)
VALUES ('28', '206', '1', 'Karlovaèko 0.5', '1', NULL, NULL);
INSERT INTO ARTIKL_NABAVA (ID_ARTIKL_NABAVA, SIFRA, GRUPA_ARTIKALA_NABAVA_ID, NAZIV, JEDINICA_MJERE_ID, NABAVNA_CIJENA,
                           PRODAJNA_CIJENA)
VALUES ('29', '207', '1', 'Karlovaèko Radler 0.5', '1', NULL, NULL);
INSERT INTO ARTIKL_NABAVA (ID_ARTIKL_NABAVA, SIFRA, GRUPA_ARTIKALA_NABAVA_ID, NAZIV, JEDINICA_MJERE_ID, NABAVNA_CIJENA,
                           PRODAJNA_CIJENA)
VALUES ('30', '209', '1', 'Heineken 0.33', '1', NULL, NULL);
INSERT INTO ARTIKL_NABAVA (ID_ARTIKL_NABAVA, SIFRA, GRUPA_ARTIKALA_NABAVA_ID, NAZIV, JEDINICA_MJERE_ID, NABAVNA_CIJENA,
                           PRODAJNA_CIJENA)
VALUES ('31', '211', '1', 'Pan', '1', NULL, NULL);
INSERT INTO ARTIKL_NABAVA (ID_ARTIKL_NABAVA, SIFRA, GRUPA_ARTIKALA_NABAVA_ID, NAZIV, JEDINICA_MJERE_ID, NABAVNA_CIJENA,
                           PRODAJNA_CIJENA)
VALUES ('32', '212', '1', 'Ožujsko rezano 0.50', '1', NULL, NULL);
INSERT INTO ARTIKL_NABAVA (ID_ARTIKL_NABAVA, SIFRA, GRUPA_ARTIKALA_NABAVA_ID, NAZIV, JEDINICA_MJERE_ID, NABAVNA_CIJENA,
                           PRODAJNA_CIJENA)
VALUES ('33', '213', '1', 'Staropramen 0.50', '1', NULL, NULL);
INSERT INTO ARTIKL_NABAVA (ID_ARTIKL_NABAVA, SIFRA, GRUPA_ARTIKALA_NABAVA_ID, NAZIV, JEDINICA_MJERE_ID, NABAVNA_CIJENA,
                           PRODAJNA_CIJENA)
VALUES ('34', '214', '1', 'Union Grejp 0.50', '1', NULL, NULL);
INSERT INTO ARTIKL_NABAVA (ID_ARTIKL_NABAVA, SIFRA, GRUPA_ARTIKALA_NABAVA_ID, NAZIV, JEDINICA_MJERE_ID, NABAVNA_CIJENA,
                           PRODAJNA_CIJENA)
VALUES ('35', '215', '1', 'Beck''s 0.33', '1', NULL, NULL);
INSERT INTO ARTIKL_NABAVA (ID_ARTIKL_NABAVA, SIFRA, GRUPA_ARTIKALA_NABAVA_ID, NAZIV, JEDINICA_MJERE_ID, NABAVNA_CIJENA,
                           PRODAJNA_CIJENA)
VALUES ('36', '216', '1', 'Osjeèko Radler Crni', '1', NULL, NULL);
INSERT INTO ARTIKL_NABAVA (ID_ARTIKL_NABAVA, SIFRA, GRUPA_ARTIKALA_NABAVA_ID, NAZIV, JEDINICA_MJERE_ID, NABAVNA_CIJENA,
                           PRODAJNA_CIJENA)
VALUES ('37', '217', '1', 'Pan Zlatni', '1', NULL, NULL);
INSERT INTO ARTIKL_NABAVA (ID_ARTIKL_NABAVA, SIFRA, GRUPA_ARTIKALA_NABAVA_ID, NAZIV, JEDINICA_MJERE_ID, NABAVNA_CIJENA,
                           PRODAJNA_CIJENA)
VALUES ('38', '218', '1', 'Velebitsko Svijetlo', '1', NULL, NULL);
INSERT INTO ARTIKL_NABAVA (ID_ARTIKL_NABAVA, SIFRA, GRUPA_ARTIKALA_NABAVA_ID, NAZIV, JEDINICA_MJERE_ID, NABAVNA_CIJENA,
                           PRODAJNA_CIJENA)
VALUES ('39', '219', '1', 'Vukovarsko', '1', NULL, NULL);
INSERT INTO ARTIKL_NABAVA (ID_ARTIKL_NABAVA, SIFRA, GRUPA_ARTIKALA_NABAVA_ID, NAZIV, JEDINICA_MJERE_ID, NABAVNA_CIJENA,
                           PRODAJNA_CIJENA)
VALUES ('40', '301', '1', 'Graševina Kutjevaèka 1L', '2', NULL, NULL);
INSERT INTO ARTIKL_NABAVA (ID_ARTIKL_NABAVA, SIFRA, GRUPA_ARTIKALA_NABAVA_ID, NAZIV, JEDINICA_MJERE_ID, NABAVNA_CIJENA,
                           PRODAJNA_CIJENA)
VALUES ('41', '303', '1', 'Rizling èakovaèki 1L', '2', NULL, NULL);
INSERT INTO ARTIKL_NABAVA (ID_ARTIKL_NABAVA, SIFRA, GRUPA_ARTIKALA_NABAVA_ID, NAZIV, JEDINICA_MJERE_ID, NABAVNA_CIJENA,
                           PRODAJNA_CIJENA)
VALUES ('42', '304', '1', 'Pinot Bijeli 0.75', '1', NULL, NULL);
INSERT INTO ARTIKL_NABAVA (ID_ARTIKL_NABAVA, SIFRA, GRUPA_ARTIKALA_NABAVA_ID, NAZIV, JEDINICA_MJERE_ID, NABAVNA_CIJENA,
                           PRODAJNA_CIJENA)
VALUES ('43', '305', '1', 'Graševina Krauthaker 0.75', '1', NULL, NULL);
INSERT INTO ARTIKL_NABAVA (ID_ARTIKL_NABAVA, SIFRA, GRUPA_ARTIKALA_NABAVA_ID, NAZIV, JEDINICA_MJERE_ID, NABAVNA_CIJENA,
                           PRODAJNA_CIJENA)
VALUES ('44', '307', '1', 'Graševina èakovo 1L', '2', NULL, NULL);
INSERT INTO ARTIKL_NABAVA (ID_ARTIKL_NABAVA, SIFRA, GRUPA_ARTIKALA_NABAVA_ID, NAZIV, JEDINICA_MJERE_ID, NABAVNA_CIJENA,
                           PRODAJNA_CIJENA)
VALUES ('45', '308', '1', 'Dika Graševina 0.75L', '2', NULL, NULL);
INSERT INTO ARTIKL_NABAVA (ID_ARTIKL_NABAVA, SIFRA, GRUPA_ARTIKALA_NABAVA_ID, NAZIV, JEDINICA_MJERE_ID, NABAVNA_CIJENA,
                           PRODAJNA_CIJENA)
VALUES ('46', '309', '1', 'Postup 0.75L', '1', NULL, NULL);
INSERT INTO ARTIKL_NABAVA (ID_ARTIKL_NABAVA, SIFRA, GRUPA_ARTIKALA_NABAVA_ID, NAZIV, JEDINICA_MJERE_ID, NABAVNA_CIJENA,
                           PRODAJNA_CIJENA)
VALUES ('47', '311', '1', 'Debit Bibich 0.75', '1', NULL, NULL);
INSERT INTO ARTIKL_NABAVA (ID_ARTIKL_NABAVA, SIFRA, GRUPA_ARTIKALA_NABAVA_ID, NAZIV, JEDINICA_MJERE_ID, NABAVNA_CIJENA,
                           PRODAJNA_CIJENA)
VALUES ('48', '312', '1', 'Frankovka 1L', '2', NULL, NULL);
INSERT INTO ARTIKL_NABAVA (ID_ARTIKL_NABAVA, SIFRA, GRUPA_ARTIKALA_NABAVA_ID, NAZIV, JEDINICA_MJERE_ID, NABAVNA_CIJENA,
                           PRODAJNA_CIJENA)
VALUES ('49', '313', '1', 'Pinot Crni 0.75L', '1', NULL, NULL);
INSERT INTO ARTIKL_NABAVA (ID_ARTIKL_NABAVA, SIFRA, GRUPA_ARTIKALA_NABAVA_ID, NAZIV, JEDINICA_MJERE_ID, NABAVNA_CIJENA,
                           PRODAJNA_CIJENA)
VALUES ('50', '314', '1', 'Ivan Dolac Plavac Mali', '1', NULL, NULL);
INSERT INTO ARTIKL_NABAVA (ID_ARTIKL_NABAVA, SIFRA, GRUPA_ARTIKALA_NABAVA_ID, NAZIV, JEDINICA_MJERE_ID, NABAVNA_CIJENA,
                           PRODAJNA_CIJENA)
VALUES ('51', '315', '1', 'Fakin Malvazija ', '1', NULL, NULL);
INSERT INTO ARTIKL_NABAVA (ID_ARTIKL_NABAVA, SIFRA, GRUPA_ARTIKALA_NABAVA_ID, NAZIV, JEDINICA_MJERE_ID, NABAVNA_CIJENA,
                           PRODAJNA_CIJENA)
VALUES ('52', '316', '1', 'Josiæ Rose', '1', NULL, NULL);
INSERT INTO ARTIKL_NABAVA (ID_ARTIKL_NABAVA, SIFRA, GRUPA_ARTIKALA_NABAVA_ID, NAZIV, JEDINICA_MJERE_ID, NABAVNA_CIJENA,
                           PRODAJNA_CIJENA)
VALUES ('53', '401', '1', 'Vodka', '2', NULL, NULL);
INSERT INTO ARTIKL_NABAVA (ID_ARTIKL_NABAVA, SIFRA, GRUPA_ARTIKALA_NABAVA_ID, NAZIV, JEDINICA_MJERE_ID, NABAVNA_CIJENA,
                           PRODAJNA_CIJENA)
VALUES ('54', '402', '1', 'Amaro', '2', NULL, NULL);
INSERT INTO ARTIKL_NABAVA (ID_ARTIKL_NABAVA, SIFRA, GRUPA_ARTIKALA_NABAVA_ID, NAZIV, JEDINICA_MJERE_ID, NABAVNA_CIJENA,
                           PRODAJNA_CIJENA)
VALUES ('55', '403', '1', 'Loza', '2', NULL, NULL);
INSERT INTO ARTIKL_NABAVA (ID_ARTIKL_NABAVA, SIFRA, GRUPA_ARTIKALA_NABAVA_ID, NAZIV, JEDINICA_MJERE_ID, NABAVNA_CIJENA,
                           PRODAJNA_CIJENA)
VALUES ('56', '404', '1', 'Travarica', '2', NULL, NULL);
INSERT INTO ARTIKL_NABAVA (ID_ARTIKL_NABAVA, SIFRA, GRUPA_ARTIKALA_NABAVA_ID, NAZIV, JEDINICA_MJERE_ID, NABAVNA_CIJENA,
                           PRODAJNA_CIJENA)
VALUES ('57', '405', '1', 'Vechhia', '2', NULL, NULL);
INSERT INTO ARTIKL_NABAVA (ID_ARTIKL_NABAVA, SIFRA, GRUPA_ARTIKALA_NABAVA_ID, NAZIV, JEDINICA_MJERE_ID, NABAVNA_CIJENA,
                           PRODAJNA_CIJENA)
VALUES ('58', '406', '1', 'Brandy Badel', '2', NULL, NULL);
INSERT INTO ARTIKL_NABAVA (ID_ARTIKL_NABAVA, SIFRA, GRUPA_ARTIKALA_NABAVA_ID, NAZIV, JEDINICA_MJERE_ID, NABAVNA_CIJENA,
                           PRODAJNA_CIJENA)
VALUES ('59', '407', '1', 'Stock', '2', NULL, NULL);
INSERT INTO ARTIKL_NABAVA (ID_ARTIKL_NABAVA, SIFRA, GRUPA_ARTIKALA_NABAVA_ID, NAZIV, JEDINICA_MJERE_ID, NABAVNA_CIJENA,
                           PRODAJNA_CIJENA)
VALUES ('60', '408', '1', 'Rum', '2', NULL, NULL);
INSERT INTO ARTIKL_NABAVA (ID_ARTIKL_NABAVA, SIFRA, GRUPA_ARTIKALA_NABAVA_ID, NAZIV, JEDINICA_MJERE_ID, NABAVNA_CIJENA,
                           PRODAJNA_CIJENA)
VALUES ('61', '409', '1', 'Šljivovica', '2', NULL, NULL);
INSERT INTO ARTIKL_NABAVA (ID_ARTIKL_NABAVA, SIFRA, GRUPA_ARTIKALA_NABAVA_ID, NAZIV, JEDINICA_MJERE_ID, NABAVNA_CIJENA,
                           PRODAJNA_CIJENA)
VALUES ('62', '410', '1', 'Whisky Ballantines', '2', NULL, NULL);
INSERT INTO ARTIKL_NABAVA (ID_ARTIKL_NABAVA, SIFRA, GRUPA_ARTIKALA_NABAVA_ID, NAZIV, JEDINICA_MJERE_ID, NABAVNA_CIJENA,
                           PRODAJNA_CIJENA)
VALUES ('63', '411', '1', 'Jagermaister', '2', NULL, NULL);
INSERT INTO ARTIKL_NABAVA (ID_ARTIKL_NABAVA, SIFRA, GRUPA_ARTIKALA_NABAVA_ID, NAZIV, JEDINICA_MJERE_ID, NABAVNA_CIJENA,
                           PRODAJNA_CIJENA)
VALUES ('64', '412', '1', 'Viljamovka', '2', NULL, NULL);
INSERT INTO ARTIKL_NABAVA (ID_ARTIKL_NABAVA, SIFRA, GRUPA_ARTIKALA_NABAVA_ID, NAZIV, JEDINICA_MJERE_ID, NABAVNA_CIJENA,
                           PRODAJNA_CIJENA)
VALUES ('65', '413', '1', 'Martell', '2', NULL, NULL);
INSERT INTO ARTIKL_NABAVA (ID_ARTIKL_NABAVA, SIFRA, GRUPA_ARTIKALA_NABAVA_ID, NAZIV, JEDINICA_MJERE_ID, NABAVNA_CIJENA,
                           PRODAJNA_CIJENA)
VALUES ('66', '414', '1', 'Vermouth', '2', NULL, NULL);
INSERT INTO ARTIKL_NABAVA (ID_ARTIKL_NABAVA, SIFRA, GRUPA_ARTIKALA_NABAVA_ID, NAZIV, JEDINICA_MJERE_ID, NABAVNA_CIJENA,
                           PRODAJNA_CIJENA)
VALUES ('67', '415', '1', 'Martini', '2', NULL, NULL);
INSERT INTO ARTIKL_NABAVA (ID_ARTIKL_NABAVA, SIFRA, GRUPA_ARTIKALA_NABAVA_ID, NAZIV, JEDINICA_MJERE_ID, NABAVNA_CIJENA,
                           PRODAJNA_CIJENA)
VALUES ('68', '416', '1', 'Pelinkovac', '2', NULL, NULL);
INSERT INTO ARTIKL_NABAVA (ID_ARTIKL_NABAVA, SIFRA, GRUPA_ARTIKALA_NABAVA_ID, NAZIV, JEDINICA_MJERE_ID, NABAVNA_CIJENA,
                           PRODAJNA_CIJENA)
VALUES ('69', '417', '1', 'Lavov', '2', NULL, NULL);
INSERT INTO ARTIKL_NABAVA (ID_ARTIKL_NABAVA, SIFRA, GRUPA_ARTIKALA_NABAVA_ID, NAZIV, JEDINICA_MJERE_ID, NABAVNA_CIJENA,
                           PRODAJNA_CIJENA)
VALUES ('70', '418', '1', 'Kruškovac', '2', NULL, NULL);
INSERT INTO ARTIKL_NABAVA (ID_ARTIKL_NABAVA, SIFRA, GRUPA_ARTIKALA_NABAVA_ID, NAZIV, JEDINICA_MJERE_ID, NABAVNA_CIJENA,
                           PRODAJNA_CIJENA)
VALUES ('71', '419', '1', 'Istra Bitter', '2', NULL, NULL);
INSERT INTO ARTIKL_NABAVA (ID_ARTIKL_NABAVA, SIFRA, GRUPA_ARTIKALA_NABAVA_ID, NAZIV, JEDINICA_MJERE_ID, NABAVNA_CIJENA,
                           PRODAJNA_CIJENA)
VALUES ('72', '420', '1', 'Medica', '2', NULL, NULL);
INSERT INTO ARTIKL_NABAVA (ID_ARTIKL_NABAVA, SIFRA, GRUPA_ARTIKALA_NABAVA_ID, NAZIV, JEDINICA_MJERE_ID, NABAVNA_CIJENA,
                           PRODAJNA_CIJENA)
VALUES ('73', '421', '1', 'Jack Daniel''s', '2', NULL, NULL);
INSERT INTO ARTIKL_NABAVA (ID_ARTIKL_NABAVA, SIFRA, GRUPA_ARTIKALA_NABAVA_ID, NAZIV, JEDINICA_MJERE_ID, NABAVNA_CIJENA,
                           PRODAJNA_CIJENA)
VALUES ('74', '422', '1', 'Borovnica 1L', '2', NULL, NULL);
INSERT INTO ARTIKL_NABAVA (ID_ARTIKL_NABAVA, SIFRA, GRUPA_ARTIKALA_NABAVA_ID, NAZIV, JEDINICA_MJERE_ID, NABAVNA_CIJENA,
                           PRODAJNA_CIJENA)
VALUES ('75', '423', '1', 'Višnjevac', '2', NULL, NULL);
INSERT INTO ARTIKL_NABAVA (ID_ARTIKL_NABAVA, SIFRA, GRUPA_ARTIKALA_NABAVA_ID, NAZIV, JEDINICA_MJERE_ID, NABAVNA_CIJENA,
                           PRODAJNA_CIJENA)
VALUES ('76', '424', '1', 'Orahovac', '2', NULL, NULL);
INSERT INTO ARTIKL_NABAVA (ID_ARTIKL_NABAVA, SIFRA, GRUPA_ARTIKALA_NABAVA_ID, NAZIV, JEDINICA_MJERE_ID, NABAVNA_CIJENA,
                           PRODAJNA_CIJENA)
VALUES ('77', '425', '1', 'Hendrick''s Gin', '2', NULL, NULL);
INSERT INTO ARTIKL_NABAVA (ID_ARTIKL_NABAVA, SIFRA, GRUPA_ARTIKALA_NABAVA_ID, NAZIV, JEDINICA_MJERE_ID, NABAVNA_CIJENA,
                           PRODAJNA_CIJENA)
VALUES ('78', '430', '1', 'Aura Teranino', '2', NULL, NULL);
INSERT INTO ARTIKL_NABAVA (ID_ARTIKL_NABAVA, SIFRA, GRUPA_ARTIKALA_NABAVA_ID, NAZIV, JEDINICA_MJERE_ID, NABAVNA_CIJENA,
                           PRODAJNA_CIJENA)
VALUES ('79', '431', '1', 'Aura Biska', '2', NULL, NULL);
INSERT INTO ARTIKL_NABAVA (ID_ARTIKL_NABAVA, SIFRA, GRUPA_ARTIKALA_NABAVA_ID, NAZIV, JEDINICA_MJERE_ID, NABAVNA_CIJENA,
                           PRODAJNA_CIJENA)
VALUES ('80', '432', '1', 'Aura Divlja Kruška', '2', NULL, NULL);
INSERT INTO ARTIKL_NABAVA (ID_ARTIKL_NABAVA, SIFRA, GRUPA_ARTIKALA_NABAVA_ID, NAZIV, JEDINICA_MJERE_ID, NABAVNA_CIJENA,
                           PRODAJNA_CIJENA)
VALUES ('81', '433', '1', 'Aura Medica', '2', NULL, NULL);
INSERT INTO ARTIKL_NABAVA (ID_ARTIKL_NABAVA, SIFRA, GRUPA_ARTIKALA_NABAVA_ID, NAZIV, JEDINICA_MJERE_ID, NABAVNA_CIJENA,
                           PRODAJNA_CIJENA)
VALUES ('82', '434', '1', 'Mozart White Chocolate', '2', NULL, NULL);
INSERT INTO ARTIKL_NABAVA (ID_ARTIKL_NABAVA, SIFRA, GRUPA_ARTIKALA_NABAVA_ID, NAZIV, JEDINICA_MJERE_ID, NABAVNA_CIJENA,
                           PRODAJNA_CIJENA)
VALUES ('83', '501', '1', 'Pršut', '3', NULL, NULL);
INSERT INTO ARTIKL_NABAVA (ID_ARTIKL_NABAVA, SIFRA, GRUPA_ARTIKALA_NABAVA_ID, NAZIV, JEDINICA_MJERE_ID, NABAVNA_CIJENA,
                           PRODAJNA_CIJENA)
VALUES ('84', '502', '1', 'Masline', '3', NULL, NULL);
INSERT INTO ARTIKL_NABAVA (ID_ARTIKL_NABAVA, SIFRA, GRUPA_ARTIKALA_NABAVA_ID, NAZIV, JEDINICA_MJERE_ID, NABAVNA_CIJENA,
                           PRODAJNA_CIJENA)
VALUES ('85', '503', '1', 'Kiseli krastavci', '3', NULL, NULL);
INSERT INTO ARTIKL_NABAVA (ID_ARTIKL_NABAVA, SIFRA, GRUPA_ARTIKALA_NABAVA_ID, NAZIV, JEDINICA_MJERE_ID, NABAVNA_CIJENA,
                           PRODAJNA_CIJENA)
VALUES ('86', '504', '1', 'Sir Livanjski', '3', NULL, NULL);
INSERT INTO ARTIKL_NABAVA (ID_ARTIKL_NABAVA, SIFRA, GRUPA_ARTIKALA_NABAVA_ID, NAZIV, JEDINICA_MJERE_ID, NABAVNA_CIJENA,
                           PRODAJNA_CIJENA)
VALUES ('87', '506', '1', 'Luk crveni', '3', NULL, NULL);
INSERT INTO ARTIKL_NABAVA (ID_ARTIKL_NABAVA, SIFRA, GRUPA_ARTIKALA_NABAVA_ID, NAZIV, JEDINICA_MJERE_ID, NABAVNA_CIJENA,
                           PRODAJNA_CIJENA)
VALUES ('88', '507', '1', 'Sol', '3', NULL, NULL);
INSERT INTO ARTIKL_NABAVA (ID_ARTIKL_NABAVA, SIFRA, GRUPA_ARTIKALA_NABAVA_ID, NAZIV, JEDINICA_MJERE_ID, NABAVNA_CIJENA,
                           PRODAJNA_CIJENA)
VALUES ('89', '508', '1', 'Papar', '3', NULL, NULL);
INSERT INTO ARTIKL_NABAVA (ID_ARTIKL_NABAVA, SIFRA, GRUPA_ARTIKALA_NABAVA_ID, NAZIV, JEDINICA_MJERE_ID, NABAVNA_CIJENA,
                           PRODAJNA_CIJENA)
VALUES ('90', '509', '1', 'Med vreæica', '1', NULL, NULL);
INSERT INTO ARTIKL_NABAVA (ID_ARTIKL_NABAVA, SIFRA, GRUPA_ARTIKALA_NABAVA_ID, NAZIV, JEDINICA_MJERE_ID, NABAVNA_CIJENA,
                           PRODAJNA_CIJENA)
VALUES ('91', '510', '1', 'Limun', '3', NULL, NULL);
INSERT INTO ARTIKL_NABAVA (ID_ARTIKL_NABAVA, SIFRA, GRUPA_ARTIKALA_NABAVA_ID, NAZIV, JEDINICA_MJERE_ID, NABAVNA_CIJENA,
                           PRODAJNA_CIJENA)
VALUES ('92', '511', '1', 'Svinjetina bez kosti', '3', NULL, NULL);
INSERT INTO ARTIKL_NABAVA (ID_ARTIKL_NABAVA, SIFRA, GRUPA_ARTIKALA_NABAVA_ID, NAZIV, JEDINICA_MJERE_ID, NABAVNA_CIJENA,
                           PRODAJNA_CIJENA)
VALUES ('93', '512', '1', 'Junetina', '3', NULL, NULL);
INSERT INTO ARTIKL_NABAVA (ID_ARTIKL_NABAVA, SIFRA, GRUPA_ARTIKALA_NABAVA_ID, NAZIV, JEDINICA_MJERE_ID, NABAVNA_CIJENA,
                           PRODAJNA_CIJENA)
VALUES ('94', '513', '1', 'Paprika crvena', '3', NULL, NULL);
INSERT INTO ARTIKL_NABAVA (ID_ARTIKL_NABAVA, SIFRA, GRUPA_ARTIKALA_NABAVA_ID, NAZIV, JEDINICA_MJERE_ID, NABAVNA_CIJENA,
                           PRODAJNA_CIJENA)
VALUES ('95', '514', '1', 'Rajèica pire', '3', NULL, NULL);
INSERT INTO ARTIKL_NABAVA (ID_ARTIKL_NABAVA, SIFRA, GRUPA_ARTIKALA_NABAVA_ID, NAZIV, JEDINICA_MJERE_ID, NABAVNA_CIJENA,
                           PRODAJNA_CIJENA)
VALUES ('96', '515', '1', 'Brašno', '3', NULL, NULL);
INSERT INTO ARTIKL_NABAVA (ID_ARTIKL_NABAVA, SIFRA, GRUPA_ARTIKALA_NABAVA_ID, NAZIV, JEDINICA_MJERE_ID, NABAVNA_CIJENA,
                           PRODAJNA_CIJENA)
VALUES ('97', '516', '1', 'Jaja', '1', NULL, NULL);
INSERT INTO ARTIKL_NABAVA (ID_ARTIKL_NABAVA, SIFRA, GRUPA_ARTIKALA_NABAVA_ID, NAZIV, JEDINICA_MJERE_ID, NABAVNA_CIJENA,
                           PRODAJNA_CIJENA)
VALUES ('98', '517', '1', 'Krumpir', '3', NULL, NULL);
INSERT INTO ARTIKL_NABAVA (ID_ARTIKL_NABAVA, SIFRA, GRUPA_ARTIKALA_NABAVA_ID, NAZIV, JEDINICA_MJERE_ID, NABAVNA_CIJENA,
                           PRODAJNA_CIJENA)
VALUES ('99', '518', '1', 'Vegeta', '3', NULL, NULL);
INSERT INTO ARTIKL_NABAVA (ID_ARTIKL_NABAVA, SIFRA, GRUPA_ARTIKALA_NABAVA_ID, NAZIV, JEDINICA_MJERE_ID, NABAVNA_CIJENA,
                           PRODAJNA_CIJENA)
VALUES ('100', '519', '1', 'Grah', '3', NULL, NULL);
INSERT INTO ARTIKL_NABAVA (ID_ARTIKL_NABAVA, SIFRA, GRUPA_ARTIKALA_NABAVA_ID, NAZIV, JEDINICA_MJERE_ID, NABAVNA_CIJENA,
                           PRODAJNA_CIJENA)
VALUES ('101', '520', '1', 'Ulje Suncokretovo', '2', NULL, NULL);
INSERT INTO ARTIKL_NABAVA (ID_ARTIKL_NABAVA, SIFRA, GRUPA_ARTIKALA_NABAVA_ID, NAZIV, JEDINICA_MJERE_ID, NABAVNA_CIJENA,
                           PRODAJNA_CIJENA)
VALUES ('102', '521', '1', 'Domaæa kobasica', '3', NULL, NULL);
INSERT INTO ARTIKL_NABAVA (ID_ARTIKL_NABAVA, SIFRA, GRUPA_ARTIKALA_NABAVA_ID, NAZIV, JEDINICA_MJERE_ID, NABAVNA_CIJENA,
                           PRODAJNA_CIJENA)
VALUES ('103', '522', '1', 'Tijesto', '3', NULL, NULL);
INSERT INTO ARTIKL_NABAVA (ID_ARTIKL_NABAVA, SIFRA, GRUPA_ARTIKALA_NABAVA_ID, NAZIV, JEDINICA_MJERE_ID, NABAVNA_CIJENA,
                           PRODAJNA_CIJENA)
VALUES ('104', '524', '1', 'Èešnjak', '3', NULL, NULL);
INSERT INTO ARTIKL_NABAVA (ID_ARTIKL_NABAVA, SIFRA, GRUPA_ARTIKALA_NABAVA_ID, NAZIV, JEDINICA_MJERE_ID, NABAVNA_CIJENA,
                           PRODAJNA_CIJENA)
VALUES ('105', '525', '1', 'Suha slanina - Špek', '3', NULL, NULL);
INSERT INTO ARTIKL_NABAVA (ID_ARTIKL_NABAVA, SIFRA, GRUPA_ARTIKALA_NABAVA_ID, NAZIV, JEDINICA_MJERE_ID, NABAVNA_CIJENA,
                           PRODAJNA_CIJENA)
VALUES ('106', '526', '1', 'Parmezan', '3', NULL, NULL);
INSERT INTO ARTIKL_NABAVA (ID_ARTIKL_NABAVA, SIFRA, GRUPA_ARTIKALA_NABAVA_ID, NAZIV, JEDINICA_MJERE_ID, NABAVNA_CIJENA,
                           PRODAJNA_CIJENA)
VALUES ('107', '527', '1', 'Senf', '3', NULL, NULL);
INSERT INTO ARTIKL_NABAVA (ID_ARTIKL_NABAVA, SIFRA, GRUPA_ARTIKALA_NABAVA_ID, NAZIV, JEDINICA_MJERE_ID, NABAVNA_CIJENA,
                           PRODAJNA_CIJENA)
VALUES ('108', '528', '1', 'Fileki', '3', NULL, NULL);
INSERT INTO ARTIKL_NABAVA (ID_ARTIKL_NABAVA, SIFRA, GRUPA_ARTIKALA_NABAVA_ID, NAZIV, JEDINICA_MJERE_ID, NABAVNA_CIJENA,
                           PRODAJNA_CIJENA)
VALUES ('109', '530', '1', 'Kupus svježi', '3', NULL, NULL);
INSERT INTO ARTIKL_NABAVA (ID_ARTIKL_NABAVA, SIFRA, GRUPA_ARTIKALA_NABAVA_ID, NAZIV, JEDINICA_MJERE_ID, NABAVNA_CIJENA,
                           PRODAJNA_CIJENA)
VALUES ('110', '531', '1', 'Paprika svježa', '3', NULL, NULL);
INSERT INTO ARTIKL_NABAVA (ID_ARTIKL_NABAVA, SIFRA, GRUPA_ARTIKALA_NABAVA_ID, NAZIV, JEDINICA_MJERE_ID, NABAVNA_CIJENA,
                           PRODAJNA_CIJENA)
VALUES ('111', '532', '1', 'Riža', '3', NULL, NULL);
INSERT INTO ARTIKL_NABAVA (ID_ARTIKL_NABAVA, SIFRA, GRUPA_ARTIKALA_NABAVA_ID, NAZIV, JEDINICA_MJERE_ID, NABAVNA_CIJENA,
                           PRODAJNA_CIJENA)
VALUES ('112', '533', '1', 'Šeèer', '3', NULL, NULL);
INSERT INTO ARTIKL_NABAVA (ID_ARTIKL_NABAVA, SIFRA, GRUPA_ARTIKALA_NABAVA_ID, NAZIV, JEDINICA_MJERE_ID, NABAVNA_CIJENA,
                           PRODAJNA_CIJENA)
VALUES ('113', '534', '1', 'Svinjski kotlet', '3', NULL, NULL);
INSERT INTO ARTIKL_NABAVA (ID_ARTIKL_NABAVA, SIFRA, GRUPA_ARTIKALA_NABAVA_ID, NAZIV, JEDINICA_MJERE_ID, NABAVNA_CIJENA,
                           PRODAJNA_CIJENA)
VALUES ('114', '535', '1', 'Vrhnje', '3', NULL, NULL);
INSERT INTO ARTIKL_NABAVA (ID_ARTIKL_NABAVA, SIFRA, GRUPA_ARTIKALA_NABAVA_ID, NAZIV, JEDINICA_MJERE_ID, NABAVNA_CIJENA,
                           PRODAJNA_CIJENA)
VALUES ('115', '536', '1', 'Šampinjoni', '3', NULL, NULL);
INSERT INTO ARTIKL_NABAVA (ID_ARTIKL_NABAVA, SIFRA, GRUPA_ARTIKALA_NABAVA_ID, NAZIV, JEDINICA_MJERE_ID, NABAVNA_CIJENA,
                           PRODAJNA_CIJENA)
VALUES ('116', '537', '1', 'Jetrica', '3', NULL, NULL);
INSERT INTO ARTIKL_NABAVA (ID_ARTIKL_NABAVA, SIFRA, GRUPA_ARTIKALA_NABAVA_ID, NAZIV, JEDINICA_MJERE_ID, NABAVNA_CIJENA,
                           PRODAJNA_CIJENA)
VALUES ('117', '538', '1', 'Teletina', '3', NULL, NULL);
INSERT INTO ARTIKL_NABAVA (ID_ARTIKL_NABAVA, SIFRA, GRUPA_ARTIKALA_NABAVA_ID, NAZIV, JEDINICA_MJERE_ID, NABAVNA_CIJENA,
                           PRODAJNA_CIJENA)
VALUES ('118', '539', '1', 'Krvavice', '3', NULL, NULL);
INSERT INTO ARTIKL_NABAVA (ID_ARTIKL_NABAVA, SIFRA, GRUPA_ARTIKALA_NABAVA_ID, NAZIV, JEDINICA_MJERE_ID, NABAVNA_CIJENA,
                           PRODAJNA_CIJENA)
VALUES ('119', '540', '1', 'Kupus kiseli', '3', NULL, NULL);
INSERT INTO ARTIKL_NABAVA (ID_ARTIKL_NABAVA, SIFRA, GRUPA_ARTIKALA_NABAVA_ID, NAZIV, JEDINICA_MJERE_ID, NABAVNA_CIJENA,
                           PRODAJNA_CIJENA)
VALUES ('120', '541', '1', 'Juha od gljiva', '3', NULL, NULL);
INSERT INTO ARTIKL_NABAVA (ID_ARTIKL_NABAVA, SIFRA, GRUPA_ARTIKALA_NABAVA_ID, NAZIV, JEDINICA_MJERE_ID, NABAVNA_CIJENA,
                           PRODAJNA_CIJENA)
VALUES ('121', '542', '1', 'Peèenice', '1', NULL, NULL);
INSERT INTO ARTIKL_NABAVA (ID_ARTIKL_NABAVA, SIFRA, GRUPA_ARTIKALA_NABAVA_ID, NAZIV, JEDINICA_MJERE_ID, NABAVNA_CIJENA,
                           PRODAJNA_CIJENA)
VALUES ('122', '543', '1', 'Svinjska pisanica-lungiæ', '3', NULL, NULL);
INSERT INTO ARTIKL_NABAVA (ID_ARTIKL_NABAVA, SIFRA, GRUPA_ARTIKALA_NABAVA_ID, NAZIV, JEDINICA_MJERE_ID, NABAVNA_CIJENA,
                           PRODAJNA_CIJENA)
VALUES ('123', '544', '1', 'Šunka', '3', NULL, NULL);
INSERT INTO ARTIKL_NABAVA (ID_ARTIKL_NABAVA, SIFRA, GRUPA_ARTIKALA_NABAVA_ID, NAZIV, JEDINICA_MJERE_ID, NABAVNA_CIJENA,
                           PRODAJNA_CIJENA)
VALUES ('124', '545', '1', 'Sir', '3', NULL, NULL);
INSERT INTO ARTIKL_NABAVA (ID_ARTIKL_NABAVA, SIFRA, GRUPA_ARTIKALA_NABAVA_ID, NAZIV, JEDINICA_MJERE_ID, NABAVNA_CIJENA,
                           PRODAJNA_CIJENA)
VALUES ('125', '546', '1', 'Feferoni', '3', NULL, NULL);
INSERT INTO ARTIKL_NABAVA (ID_ARTIKL_NABAVA, SIFRA, GRUPA_ARTIKALA_NABAVA_ID, NAZIV, JEDINICA_MJERE_ID, NABAVNA_CIJENA,
                           PRODAJNA_CIJENA)
VALUES ('126', '547', '1', 'Teleæi kotlet', '3', NULL, NULL);
INSERT INTO ARTIKL_NABAVA (ID_ARTIKL_NABAVA, SIFRA, GRUPA_ARTIKALA_NABAVA_ID, NAZIV, JEDINICA_MJERE_ID, NABAVNA_CIJENA,
                           PRODAJNA_CIJENA)
VALUES ('127', '548', '1', 'Biftek', '3', NULL, NULL);
INSERT INTO ARTIKL_NABAVA (ID_ARTIKL_NABAVA, SIFRA, GRUPA_ARTIKALA_NABAVA_ID, NAZIV, JEDINICA_MJERE_ID, NABAVNA_CIJENA,
                           PRODAJNA_CIJENA)
VALUES ('128', '549', '1', 'Ajvar', '3', NULL, NULL);
INSERT INTO ARTIKL_NABAVA (ID_ARTIKL_NABAVA, SIFRA, GRUPA_ARTIKALA_NABAVA_ID, NAZIV, JEDINICA_MJERE_ID, NABAVNA_CIJENA,
                           PRODAJNA_CIJENA)
VALUES ('129', '551', '1', 'Mrvice', '3', NULL, NULL);
INSERT INTO ARTIKL_NABAVA (ID_ARTIKL_NABAVA, SIFRA, GRUPA_ARTIKALA_NABAVA_ID, NAZIV, JEDINICA_MJERE_ID, NABAVNA_CIJENA,
                           PRODAJNA_CIJENA)
VALUES ('130', '552', '1', 'Lignje', '3', NULL, NULL);
INSERT INTO ARTIKL_NABAVA (ID_ARTIKL_NABAVA, SIFRA, GRUPA_ARTIKALA_NABAVA_ID, NAZIV, JEDINICA_MJERE_ID, NABAVNA_CIJENA,
                           PRODAJNA_CIJENA)
VALUES ('131', '554', '1', 'Svinjski buncek', '3', NULL, NULL);
INSERT INTO ARTIKL_NABAVA (ID_ARTIKL_NABAVA, SIFRA, GRUPA_ARTIKALA_NABAVA_ID, NAZIV, JEDINICA_MJERE_ID, NABAVNA_CIJENA,
                           PRODAJNA_CIJENA)
VALUES ('132', '555', '1', 'Hren', '3', NULL, NULL);
INSERT INTO ARTIKL_NABAVA (ID_ARTIKL_NABAVA, SIFRA, GRUPA_ARTIKALA_NABAVA_ID, NAZIV, JEDINICA_MJERE_ID, NABAVNA_CIJENA,
                           PRODAJNA_CIJENA)
VALUES ('133', '556', '1', 'Teleæa koljenica', '3', NULL, NULL);
INSERT INTO ARTIKL_NABAVA (ID_ARTIKL_NABAVA, SIFRA, GRUPA_ARTIKALA_NABAVA_ID, NAZIV, JEDINICA_MJERE_ID, NABAVNA_CIJENA,
                           PRODAJNA_CIJENA)
VALUES ('134', '557', '1', 'Bakalar', '3', NULL, NULL);
INSERT INTO ARTIKL_NABAVA (ID_ARTIKL_NABAVA, SIFRA, GRUPA_ARTIKALA_NABAVA_ID, NAZIV, JEDINICA_MJERE_ID, NABAVNA_CIJENA,
                           PRODAJNA_CIJENA)
VALUES ('135', '558', '1', 'Maslinovo ulje', '2', NULL, NULL);
INSERT INTO ARTIKL_NABAVA (ID_ARTIKL_NABAVA, SIFRA, GRUPA_ARTIKALA_NABAVA_ID, NAZIV, JEDINICA_MJERE_ID, NABAVNA_CIJENA,
                           PRODAJNA_CIJENA)
VALUES ('136', '559', '1', 'Kruh', '3', NULL, NULL);
INSERT INTO ARTIKL_NABAVA (ID_ARTIKL_NABAVA, SIFRA, GRUPA_ARTIKALA_NABAVA_ID, NAZIV, JEDINICA_MJERE_ID, NABAVNA_CIJENA,
                           PRODAJNA_CIJENA)
VALUES ('137', '560', '1', 'Ketchup', '3', NULL, NULL);
INSERT INTO ARTIKL_NABAVA (ID_ARTIKL_NABAVA, SIFRA, GRUPA_ARTIKALA_NABAVA_ID, NAZIV, JEDINICA_MJERE_ID, NABAVNA_CIJENA,
                           PRODAJNA_CIJENA)
VALUES ('138', '561', '1', 'Sir svježi', '3', NULL, NULL);
INSERT INTO ARTIKL_NABAVA (ID_ARTIKL_NABAVA, SIFRA, GRUPA_ARTIKALA_NABAVA_ID, NAZIV, JEDINICA_MJERE_ID, NABAVNA_CIJENA,
                           PRODAJNA_CIJENA)
VALUES ('139', '562', '1', 'Ocat', '2', NULL, NULL);
INSERT INTO ARTIKL_NABAVA (ID_ARTIKL_NABAVA, SIFRA, GRUPA_ARTIKALA_NABAVA_ID, NAZIV, JEDINICA_MJERE_ID, NABAVNA_CIJENA,
                           PRODAJNA_CIJENA)
VALUES ('140', '563', '1', 'Krastavci svježi', '3', NULL, NULL);
INSERT INTO ARTIKL_NABAVA (ID_ARTIKL_NABAVA, SIFRA, GRUPA_ARTIKALA_NABAVA_ID, NAZIV, JEDINICA_MJERE_ID, NABAVNA_CIJENA,
                           PRODAJNA_CIJENA)
VALUES ('141', '564', '1', 'Rajèica', '3', NULL, NULL);
INSERT INTO ARTIKL_NABAVA (ID_ARTIKL_NABAVA, SIFRA, GRUPA_ARTIKALA_NABAVA_ID, NAZIV, JEDINICA_MJERE_ID, NABAVNA_CIJENA,
                           PRODAJNA_CIJENA)
VALUES ('142', '565', '1', 'Zelena salata', '3', NULL, NULL);
INSERT INTO ARTIKL_NABAVA (ID_ARTIKL_NABAVA, SIFRA, GRUPA_ARTIKALA_NABAVA_ID, NAZIV, JEDINICA_MJERE_ID, NABAVNA_CIJENA,
                           PRODAJNA_CIJENA)
VALUES ('143', '566', '1', 'Èokolada', '3', NULL, NULL);
INSERT INTO ARTIKL_NABAVA (ID_ARTIKL_NABAVA, SIFRA, GRUPA_ARTIKALA_NABAVA_ID, NAZIV, JEDINICA_MJERE_ID, NABAVNA_CIJENA,
                           PRODAJNA_CIJENA)
VALUES ('144', '567', '1', 'Orasi', '3', NULL, NULL);
INSERT INTO ARTIKL_NABAVA (ID_ARTIKL_NABAVA, SIFRA, GRUPA_ARTIKALA_NABAVA_ID, NAZIV, JEDINICA_MJERE_ID, NABAVNA_CIJENA,
                           PRODAJNA_CIJENA)
VALUES ('145', '568', '1', 'Marmelada', '3', NULL, NULL);
INSERT INTO ARTIKL_NABAVA (ID_ARTIKL_NABAVA, SIFRA, GRUPA_ARTIKALA_NABAVA_ID, NAZIV, JEDINICA_MJERE_ID, NABAVNA_CIJENA,
                           PRODAJNA_CIJENA)
VALUES ('146', '569', '1', 'Pileæi file', '3', NULL, NULL);
INSERT INTO ARTIKL_NABAVA (ID_ARTIKL_NABAVA, SIFRA, GRUPA_ARTIKALA_NABAVA_ID, NAZIV, JEDINICA_MJERE_ID, NABAVNA_CIJENA,
                           PRODAJNA_CIJENA)
VALUES ('147', '570', '1', 'Pureæi file', '3', NULL, NULL);
INSERT INTO ARTIKL_NABAVA (ID_ARTIKL_NABAVA, SIFRA, GRUPA_ARTIKALA_NABAVA_ID, NAZIV, JEDINICA_MJERE_ID, NABAVNA_CIJENA,
                           PRODAJNA_CIJENA)
VALUES ('148', '571', '1', 'Šlag', '2', NULL, NULL);
INSERT INTO ARTIKL_NABAVA (ID_ARTIKL_NABAVA, SIFRA, GRUPA_ARTIKALA_NABAVA_ID, NAZIV, JEDINICA_MJERE_ID, NABAVNA_CIJENA,
                           PRODAJNA_CIJENA)
VALUES ('149', '572', '1', 'Feta sir', '3', NULL, NULL);
INSERT INTO ARTIKL_NABAVA (ID_ARTIKL_NABAVA, SIFRA, GRUPA_ARTIKALA_NABAVA_ID, NAZIV, JEDINICA_MJERE_ID, NABAVNA_CIJENA,
                           PRODAJNA_CIJENA)
VALUES ('150', '573', '1', 'Purica', '3', NULL, NULL);
INSERT INTO ARTIKL_NABAVA (ID_ARTIKL_NABAVA, SIFRA, GRUPA_ARTIKALA_NABAVA_ID, NAZIV, JEDINICA_MJERE_ID, NABAVNA_CIJENA,
                           PRODAJNA_CIJENA)
VALUES ('151', '574', '1', 'Naranèa', '3', NULL, NULL);
INSERT INTO ARTIKL_NABAVA (ID_ARTIKL_NABAVA, SIFRA, GRUPA_ARTIKALA_NABAVA_ID, NAZIV, JEDINICA_MJERE_ID, NABAVNA_CIJENA,
                           PRODAJNA_CIJENA)
VALUES ('152', '575', '1', 'Jabuka', '3', NULL, NULL);
INSERT INTO ARTIKL_NABAVA (ID_ARTIKL_NABAVA, SIFRA, GRUPA_ARTIKALA_NABAVA_ID, NAZIV, JEDINICA_MJERE_ID, NABAVNA_CIJENA,
                           PRODAJNA_CIJENA)
VALUES ('153', '576', '1', 'Srdele', '3', NULL, NULL);
INSERT INTO ARTIKL_NABAVA (ID_ARTIKL_NABAVA, SIFRA, GRUPA_ARTIKALA_NABAVA_ID, NAZIV, JEDINICA_MJERE_ID, NABAVNA_CIJENA,
                           PRODAJNA_CIJENA)
VALUES ('154', '577', '1', 'Janjetina ', '3', NULL, NULL);
INSERT INTO ARTIKL_NABAVA (ID_ARTIKL_NABAVA, SIFRA, GRUPA_ARTIKALA_NABAVA_ID, NAZIV, JEDINICA_MJERE_ID, NABAVNA_CIJENA,
                           PRODAJNA_CIJENA)
VALUES ('155', '578', '1', 'Kroketi', '3', NULL, NULL);
INSERT INTO ARTIKL_NABAVA (ID_ARTIKL_NABAVA, SIFRA, GRUPA_ARTIKALA_NABAVA_ID, NAZIV, JEDINICA_MJERE_ID, NABAVNA_CIJENA,
                           PRODAJNA_CIJENA)
VALUES ('156', '579', '1', 'Njoki', '3', NULL, NULL);
INSERT INTO ARTIKL_NABAVA (ID_ARTIKL_NABAVA, SIFRA, GRUPA_ARTIKALA_NABAVA_ID, NAZIV, JEDINICA_MJERE_ID, NABAVNA_CIJENA,
                           PRODAJNA_CIJENA)
VALUES ('157', '580', '1', 'Kulen', '3', NULL, NULL);
INSERT INTO ARTIKL_NABAVA (ID_ARTIKL_NABAVA, SIFRA, GRUPA_ARTIKALA_NABAVA_ID, NAZIV, JEDINICA_MJERE_ID, NABAVNA_CIJENA,
                           PRODAJNA_CIJENA)
VALUES ('158', '601', '1', 'Kajmak', '3', NULL, NULL);
INSERT INTO ARTIKL_NABAVA (ID_ARTIKL_NABAVA, SIFRA, GRUPA_ARTIKALA_NABAVA_ID, NAZIV, JEDINICA_MJERE_ID, NABAVNA_CIJENA,
                           PRODAJNA_CIJENA)
VALUES ('159', '602', '1', 'Mlinci', '3', NULL, NULL);
INSERT INTO ARTIKL_NABAVA (ID_ARTIKL_NABAVA, SIFRA, GRUPA_ARTIKALA_NABAVA_ID, NAZIV, JEDINICA_MJERE_ID, NABAVNA_CIJENA,
                           PRODAJNA_CIJENA)
VALUES ('160', '603', '1', 'B2va', '1', NULL, NULL);
INSERT INTO ARTIKL_NABAVA (ID_ARTIKL_NABAVA, SIFRA, GRUPA_ARTIKALA_NABAVA_ID, NAZIV, JEDINICA_MJERE_ID, NABAVNA_CIJENA,
                           PRODAJNA_CIJENA)
VALUES ('162', '701', '1', 'ALU TACNA', '1', NULL, NULL);
INSERT INTO ARTIKL_NABAVA (ID_ARTIKL_NABAVA, SIFRA, GRUPA_ARTIKALA_NABAVA_ID, NAZIV, JEDINICA_MJERE_ID, NABAVNA_CIJENA,
                           PRODAJNA_CIJENA)
VALUES ('163', '702', '1', 'Posude, termo bijele', '1', NULL, NULL);
REM INSERTING into ARTIKL_PRODAJA
SET DEFINE OFF;
INSERT INTO ARTIKL_PRODAJA (ID_ARTIKL_PRODAJA, SIFRA, GRUPA_ARTIKALA_PRODAJA_ID, NAZIV, JEDINICA_MJERE_ID, CIJENA,
                            BRISANO)
VALUES ('1', '3', '0', 'Kava', '1', '8', '0');
INSERT INTO ARTIKL_PRODAJA (ID_ARTIKL_PRODAJA, SIFRA, GRUPA_ARTIKALA_PRODAJA_ID, NAZIV, JEDINICA_MJERE_ID, CIJENA,
                            BRISANO)
VALUES ('2', '4', '0', 'Kava s mlijekom', '1', '10', '0');
INSERT INTO ARTIKL_PRODAJA (ID_ARTIKL_PRODAJA, SIFRA, GRUPA_ARTIKALA_PRODAJA_ID, NAZIV, JEDINICA_MJERE_ID, CIJENA,
                            BRISANO)
VALUES ('3', '5', '0', 'Nescaffe', '1', '12', '0');
INSERT INTO ARTIKL_PRODAJA (ID_ARTIKL_PRODAJA, SIFRA, GRUPA_ARTIKALA_PRODAJA_ID, NAZIV, JEDINICA_MJERE_ID, CIJENA,
                            BRISANO)
VALUES ('4', '6', '0', 'Èaj od mente', '1', '10', '0');
INSERT INTO ARTIKL_PRODAJA (ID_ARTIKL_PRODAJA, SIFRA, GRUPA_ARTIKALA_PRODAJA_ID, NAZIV, JEDINICA_MJERE_ID, CIJENA,
                            BRISANO)
VALUES ('5', '7', '0', 'Èaj od mente s medom', '1', '12', '0');
INSERT INTO ARTIKL_PRODAJA (ID_ARTIKL_PRODAJA, SIFRA, GRUPA_ARTIKALA_PRODAJA_ID, NAZIV, JEDINICA_MJERE_ID, CIJENA,
                            BRISANO)
VALUES ('6', '8', '0', 'Bijela kava', '1', '12', '0');
INSERT INTO ARTIKL_PRODAJA (ID_ARTIKL_PRODAJA, SIFRA, GRUPA_ARTIKALA_PRODAJA_ID, NAZIV, JEDINICA_MJERE_ID, CIJENA,
                            BRISANO)
VALUES ('7', '9', '0', 'Èaj indijski', '1', '10', '0');
INSERT INTO ARTIKL_PRODAJA (ID_ARTIKL_PRODAJA, SIFRA, GRUPA_ARTIKALA_PRODAJA_ID, NAZIV, JEDINICA_MJERE_ID, CIJENA,
                            BRISANO)
VALUES ('8', '10', '0', 'Èaj indijski s medom', '1', '12', '0');
INSERT INTO ARTIKL_PRODAJA (ID_ARTIKL_PRODAJA, SIFRA, GRUPA_ARTIKALA_PRODAJA_ID, NAZIV, JEDINICA_MJERE_ID, CIJENA,
                            BRISANO)
VALUES ('9', '11', '0', 'Èaj od šipka', '1', '10', '0');
INSERT INTO ARTIKL_PRODAJA (ID_ARTIKL_PRODAJA, SIFRA, GRUPA_ARTIKALA_PRODAJA_ID, NAZIV, JEDINICA_MJERE_ID, CIJENA,
                            BRISANO)
VALUES ('10', '12', '0', 'Èaj od šipka s medom', '1', '12', '0');
INSERT INTO ARTIKL_PRODAJA (ID_ARTIKL_PRODAJA, SIFRA, GRUPA_ARTIKALA_PRODAJA_ID, NAZIV, JEDINICA_MJERE_ID, CIJENA,
                            BRISANO)
VALUES ('11', '13', '0', 'Èaj zeleni', '1', '10', '0');
INSERT INTO ARTIKL_PRODAJA (ID_ARTIKL_PRODAJA, SIFRA, GRUPA_ARTIKALA_PRODAJA_ID, NAZIV, JEDINICA_MJERE_ID, CIJENA,
                            BRISANO)
VALUES ('12', '14', '0', 'Èaj zeleni s medom', '1', '12', '0');
INSERT INTO ARTIKL_PRODAJA (ID_ARTIKL_PRODAJA, SIFRA, GRUPA_ARTIKALA_PRODAJA_ID, NAZIV, JEDINICA_MJERE_ID, CIJENA,
                            BRISANO)
VALUES ('13', '15', '0', 'Èaj šumsko voæe', '1', '10', '0');
INSERT INTO ARTIKL_PRODAJA (ID_ARTIKL_PRODAJA, SIFRA, GRUPA_ARTIKALA_PRODAJA_ID, NAZIV, JEDINICA_MJERE_ID, CIJENA,
                            BRISANO)
VALUES ('14', '16', '0', 'Èaj šumsko voæe s medom', '1', '12', '0');
INSERT INTO ARTIKL_PRODAJA (ID_ARTIKL_PRODAJA, SIFRA, GRUPA_ARTIKALA_PRODAJA_ID, NAZIV, JEDINICA_MJERE_ID, CIJENA,
                            BRISANO)
VALUES ('15', '17', '0', 'Kava sa šlagom', '1', '12', '0');
INSERT INTO ARTIKL_PRODAJA (ID_ARTIKL_PRODAJA, SIFRA, GRUPA_ARTIKALA_PRODAJA_ID, NAZIV, JEDINICA_MJERE_ID, CIJENA,
                            BRISANO)
VALUES ('16', '18', '0', 'Kakao', '1', '12', '0');
INSERT INTO ARTIKL_PRODAJA (ID_ARTIKL_PRODAJA, SIFRA, GRUPA_ARTIKALA_PRODAJA_ID, NAZIV, JEDINICA_MJERE_ID, CIJENA,
                            BRISANO)
VALUES ('17', '101', '1', 'Coca Cola 0.25', '1', '14', '0');
INSERT INTO ARTIKL_PRODAJA (ID_ARTIKL_PRODAJA, SIFRA, GRUPA_ARTIKALA_PRODAJA_ID, NAZIV, JEDINICA_MJERE_ID, CIJENA,
                            BRISANO)
VALUES ('18', '102', '1', 'Fanta 0.25', '1', '14', '0');
INSERT INTO ARTIKL_PRODAJA (ID_ARTIKL_PRODAJA, SIFRA, GRUPA_ARTIKALA_PRODAJA_ID, NAZIV, JEDINICA_MJERE_ID, CIJENA,
                            BRISANO)
VALUES ('19', '103', '1', 'Sprite', '1', '14', '0');
INSERT INTO ARTIKL_PRODAJA (ID_ARTIKL_PRODAJA, SIFRA, GRUPA_ARTIKALA_PRODAJA_ID, NAZIV, JEDINICA_MJERE_ID, CIJENA,
                            BRISANO)
VALUES ('20', '104', '1', 'Cocta 0.25', '1', '14', '0');
INSERT INTO ARTIKL_PRODAJA (ID_ARTIKL_PRODAJA, SIFRA, GRUPA_ARTIKALA_PRODAJA_ID, NAZIV, JEDINICA_MJERE_ID, CIJENA,
                            BRISANO)
VALUES ('21', '105', '1', 'Orangina 0.25', '1', '14', '0');
INSERT INTO ARTIKL_PRODAJA (ID_ARTIKL_PRODAJA, SIFRA, GRUPA_ARTIKALA_PRODAJA_ID, NAZIV, JEDINICA_MJERE_ID, CIJENA,
                            BRISANO)
VALUES ('22', '106', '1', 'Ledeni Èaj 0.20', '1', '14', '0');
INSERT INTO ARTIKL_PRODAJA (ID_ARTIKL_PRODAJA, SIFRA, GRUPA_ARTIKALA_PRODAJA_ID, NAZIV, JEDINICA_MJERE_ID, CIJENA,
                            BRISANO)
VALUES ('23', '107', '1', 'Pago sokovi 0.20', '1', '16', '0');
INSERT INTO ARTIKL_PRODAJA (ID_ARTIKL_PRODAJA, SIFRA, GRUPA_ARTIKALA_PRODAJA_ID, NAZIV, JEDINICA_MJERE_ID, CIJENA,
                            BRISANO)
VALUES ('24', '108', '1', 'Schweppes tonic 0.25', '1', '14', '0');
INSERT INTO ARTIKL_PRODAJA (ID_ARTIKL_PRODAJA, SIFRA, GRUPA_ARTIKALA_PRODAJA_ID, NAZIV, JEDINICA_MJERE_ID, CIJENA,
                            BRISANO)
VALUES ('25', '109', '1', 'Scweppes Bitter Lemon 0.25', '1', '14', '0');
INSERT INTO ARTIKL_PRODAJA (ID_ARTIKL_PRODAJA, SIFRA, GRUPA_ARTIKALA_PRODAJA_ID, NAZIV, JEDINICA_MJERE_ID, CIJENA,
                            BRISANO)
VALUES ('26', '110', '1', 'Mineralna voda 1L', '1', '20', '0');
INSERT INTO ARTIKL_PRODAJA (ID_ARTIKL_PRODAJA, SIFRA, GRUPA_ARTIKALA_PRODAJA_ID, NAZIV, JEDINICA_MJERE_ID, CIJENA,
                            BRISANO)
VALUES ('27', '111', '1', 'Jana 0.50', '1', '12', '0');
INSERT INTO ARTIKL_PRODAJA (ID_ARTIKL_PRODAJA, SIFRA, GRUPA_ARTIKALA_PRODAJA_ID, NAZIV, JEDINICA_MJERE_ID, CIJENA,
                            BRISANO)
VALUES ('28', '112', '1', 'Cedevita', '1', '12', '0');
INSERT INTO ARTIKL_PRODAJA (ID_ARTIKL_PRODAJA, SIFRA, GRUPA_ARTIKALA_PRODAJA_ID, NAZIV, JEDINICA_MJERE_ID, CIJENA,
                            BRISANO)
VALUES ('29', '115', '1', 'Romerquelle lim. trava 0.33', '1', '14', '0');
INSERT INTO ARTIKL_PRODAJA (ID_ARTIKL_PRODAJA, SIFRA, GRUPA_ARTIKALA_PRODAJA_ID, NAZIV, JEDINICA_MJERE_ID, CIJENA,
                            BRISANO)
VALUES ('30', '116', '1', 'Cijeðeni sok', '1', '16', '0');
INSERT INTO ARTIKL_PRODAJA (ID_ARTIKL_PRODAJA, SIFRA, GRUPA_ARTIKALA_PRODAJA_ID, NAZIV, JEDINICA_MJERE_ID, CIJENA,
                            BRISANO)
VALUES ('31', '117', '1', 'Limunda', '1', '16', '0');
INSERT INTO ARTIKL_PRODAJA (ID_ARTIKL_PRODAJA, SIFRA, GRUPA_ARTIKALA_PRODAJA_ID, NAZIV, JEDINICA_MJERE_ID, CIJENA,
                            BRISANO)
VALUES ('32', '201', '2', 'Ožujsko 0.50', '1', '14', '0');
INSERT INTO ARTIKL_PRODAJA (ID_ARTIKL_PRODAJA, SIFRA, GRUPA_ARTIKALA_PRODAJA_ID, NAZIV, JEDINICA_MJERE_ID, CIJENA,
                            BRISANO)
VALUES ('33', '202', '2', 'Ožujsko 0.33', '1', '12', '0');
INSERT INTO ARTIKL_PRODAJA (ID_ARTIKL_PRODAJA, SIFRA, GRUPA_ARTIKALA_PRODAJA_ID, NAZIV, JEDINICA_MJERE_ID, CIJENA,
                            BRISANO)
VALUES ('34', '203', '2', 'Ožujsko Cool 0.50', '1', '14', '0');
INSERT INTO ARTIKL_PRODAJA (ID_ARTIKL_PRODAJA, SIFRA, GRUPA_ARTIKALA_PRODAJA_ID, NAZIV, JEDINICA_MJERE_ID, CIJENA,
                            BRISANO)
VALUES ('35', '205', '2', 'Tomislav 0.5', '1', '16', '0');
INSERT INTO ARTIKL_PRODAJA (ID_ARTIKL_PRODAJA, SIFRA, GRUPA_ARTIKALA_PRODAJA_ID, NAZIV, JEDINICA_MJERE_ID, CIJENA,
                            BRISANO)
VALUES ('36', '206', '2', 'Karlovaèko 0.5', '1', '14', '0');
INSERT INTO ARTIKL_PRODAJA (ID_ARTIKL_PRODAJA, SIFRA, GRUPA_ARTIKALA_PRODAJA_ID, NAZIV, JEDINICA_MJERE_ID, CIJENA,
                            BRISANO)
VALUES ('37', '209', '2', 'Heineken 0.33', '1', '18', '0');
INSERT INTO ARTIKL_PRODAJA (ID_ARTIKL_PRODAJA, SIFRA, GRUPA_ARTIKALA_PRODAJA_ID, NAZIV, JEDINICA_MJERE_ID, CIJENA,
                            BRISANO)
VALUES ('38', '211', '2', 'Pan', '1', '14', '0');
INSERT INTO ARTIKL_PRODAJA (ID_ARTIKL_PRODAJA, SIFRA, GRUPA_ARTIKALA_PRODAJA_ID, NAZIV, JEDINICA_MJERE_ID, CIJENA,
                            BRISANO)
VALUES ('39', '213', '2', 'Staropramen 0.50', '1', '15', '0');
INSERT INTO ARTIKL_PRODAJA (ID_ARTIKL_PRODAJA, SIFRA, GRUPA_ARTIKALA_PRODAJA_ID, NAZIV, JEDINICA_MJERE_ID, CIJENA,
                            BRISANO)
VALUES ('40', '214', '2', 'Union Grejp', '1', '15', '0');
INSERT INTO ARTIKL_PRODAJA (ID_ARTIKL_PRODAJA, SIFRA, GRUPA_ARTIKALA_PRODAJA_ID, NAZIV, JEDINICA_MJERE_ID, CIJENA,
                            BRISANO)
VALUES ('41', '215', '2', 'Beck''s 0.33', '1', '15', '0');
INSERT INTO ARTIKL_PRODAJA (ID_ARTIKL_PRODAJA, SIFRA, GRUPA_ARTIKALA_PRODAJA_ID, NAZIV, JEDINICA_MJERE_ID, CIJENA,
                            BRISANO)
VALUES ('42', '216', '2', 'Osjeèko Crni Radler', '1', '15', '0');
INSERT INTO ARTIKL_PRODAJA (ID_ARTIKL_PRODAJA, SIFRA, GRUPA_ARTIKALA_PRODAJA_ID, NAZIV, JEDINICA_MJERE_ID, CIJENA,
                            BRISANO)
VALUES ('43', '217', '2', 'Pan Zlatni', '1', '15', '0');
INSERT INTO ARTIKL_PRODAJA (ID_ARTIKL_PRODAJA, SIFRA, GRUPA_ARTIKALA_PRODAJA_ID, NAZIV, JEDINICA_MJERE_ID, CIJENA,
                            BRISANO)
VALUES ('44', '218', '2', 'Velebitsko Svijetlo', '1', '15', '0');
INSERT INTO ARTIKL_PRODAJA (ID_ARTIKL_PRODAJA, SIFRA, GRUPA_ARTIKALA_PRODAJA_ID, NAZIV, JEDINICA_MJERE_ID, CIJENA,
                            BRISANO)
VALUES ('45', '219', '2', 'Vukovarsko', '1', '16', '0');
INSERT INTO ARTIKL_PRODAJA (ID_ARTIKL_PRODAJA, SIFRA, GRUPA_ARTIKALA_PRODAJA_ID, NAZIV, JEDINICA_MJERE_ID, CIJENA,
                            BRISANO)
VALUES ('46', '301', '3', 'Graševina Kutjevaèka 1L', '2', '80', '0');
INSERT INTO ARTIKL_PRODAJA (ID_ARTIKL_PRODAJA, SIFRA, GRUPA_ARTIKALA_PRODAJA_ID, NAZIV, JEDINICA_MJERE_ID, CIJENA,
                            BRISANO)
VALUES ('47', '303', '3', 'Rizling Èakovaèki 1L', '2', '80', '0');
INSERT INTO ARTIKL_PRODAJA (ID_ARTIKL_PRODAJA, SIFRA, GRUPA_ARTIKALA_PRODAJA_ID, NAZIV, JEDINICA_MJERE_ID, CIJENA,
                            BRISANO)
VALUES ('48', '305', '3', 'Graševina Krauthaker 0.75', '1', '160', '0');
INSERT INTO ARTIKL_PRODAJA (ID_ARTIKL_PRODAJA, SIFRA, GRUPA_ARTIKALA_PRODAJA_ID, NAZIV, JEDINICA_MJERE_ID, CIJENA,
                            BRISANO)
VALUES ('49', '308', '3', 'Gemišt Graševina Kutjevaèka', '1', '13', '0');
INSERT INTO ARTIKL_PRODAJA (ID_ARTIKL_PRODAJA, SIFRA, GRUPA_ARTIKALA_PRODAJA_ID, NAZIV, JEDINICA_MJERE_ID, CIJENA,
                            BRISANO)
VALUES ('50', '309', '3', 'Gemišt Rizling Èakovaèki', '1', '13', '0');
INSERT INTO ARTIKL_PRODAJA (ID_ARTIKL_PRODAJA, SIFRA, GRUPA_ARTIKALA_PRODAJA_ID, NAZIV, JEDINICA_MJERE_ID, CIJENA,
                            BRISANO)
VALUES ('51', '310', '3', 'Graševina Èakovo 1L', '2', '60', '0');
INSERT INTO ARTIKL_PRODAJA (ID_ARTIKL_PRODAJA, SIFRA, GRUPA_ARTIKALA_PRODAJA_ID, NAZIV, JEDINICA_MJERE_ID, CIJENA,
                            BRISANO)
VALUES ('52', '311', '3', 'Dika Graševina 0.75L', '1', '120', '0');
INSERT INTO ARTIKL_PRODAJA (ID_ARTIKL_PRODAJA, SIFRA, GRUPA_ARTIKALA_PRODAJA_ID, NAZIV, JEDINICA_MJERE_ID, CIJENA,
                            BRISANO)
VALUES ('53', '312', '3', 'Postup 0.75L', '1', '200', '0');
INSERT INTO ARTIKL_PRODAJA (ID_ARTIKL_PRODAJA, SIFRA, GRUPA_ARTIKALA_PRODAJA_ID, NAZIV, JEDINICA_MJERE_ID, CIJENA,
                            BRISANO)
VALUES ('54', '313', '3', 'Gemišt graševina Èakovo', '1', '10', '0');
INSERT INTO ARTIKL_PRODAJA (ID_ARTIKL_PRODAJA, SIFRA, GRUPA_ARTIKALA_PRODAJA_ID, NAZIV, JEDINICA_MJERE_ID, CIJENA,
                            BRISANO)
VALUES ('55', '314', '3', 'Frankovka 1L', '2', '80', '0');
INSERT INTO ARTIKL_PRODAJA (ID_ARTIKL_PRODAJA, SIFRA, GRUPA_ARTIKALA_PRODAJA_ID, NAZIV, JEDINICA_MJERE_ID, CIJENA,
                            BRISANO)
VALUES ('56', '317', '3', 'Pinot Crni 0.75L', '1', '140', '0');
INSERT INTO ARTIKL_PRODAJA (ID_ARTIKL_PRODAJA, SIFRA, GRUPA_ARTIKALA_PRODAJA_ID, NAZIV, JEDINICA_MJERE_ID, CIJENA,
                            BRISANO)
VALUES ('57', '318', '3', 'Ivan Dolac Plavac Mali', '1', '190', '0');
INSERT INTO ARTIKL_PRODAJA (ID_ARTIKL_PRODAJA, SIFRA, GRUPA_ARTIKALA_PRODAJA_ID, NAZIV, JEDINICA_MJERE_ID, CIJENA,
                            BRISANO)
VALUES ('58', '319', '3', 'Fakin Malvazija', '1', '190', '0');
INSERT INTO ARTIKL_PRODAJA (ID_ARTIKL_PRODAJA, SIFRA, GRUPA_ARTIKALA_PRODAJA_ID, NAZIV, JEDINICA_MJERE_ID, CIJENA,
                            BRISANO)
VALUES ('59', '320', '3', 'Josiæ Rose', '1', '180', '0');
INSERT INTO ARTIKL_PRODAJA (ID_ARTIKL_PRODAJA, SIFRA, GRUPA_ARTIKALA_PRODAJA_ID, NAZIV, JEDINICA_MJERE_ID, CIJENA,
                            BRISANO)
VALUES ('60', '401', '4', 'Vodka Vigor 0.03', '1', '9', '0');
INSERT INTO ARTIKL_PRODAJA (ID_ARTIKL_PRODAJA, SIFRA, GRUPA_ARTIKALA_PRODAJA_ID, NAZIV, JEDINICA_MJERE_ID, CIJENA,
                            BRISANO)
VALUES ('61', '402', '4', 'Vodka Vigor 0.05', '1', '12', '0');
INSERT INTO ARTIKL_PRODAJA (ID_ARTIKL_PRODAJA, SIFRA, GRUPA_ARTIKALA_PRODAJA_ID, NAZIV, JEDINICA_MJERE_ID, CIJENA,
                            BRISANO)
VALUES ('62', '403', '4', 'Amaro 0.03', '1', '9', '0');
INSERT INTO ARTIKL_PRODAJA (ID_ARTIKL_PRODAJA, SIFRA, GRUPA_ARTIKALA_PRODAJA_ID, NAZIV, JEDINICA_MJERE_ID, CIJENA,
                            BRISANO)
VALUES ('63', '404', '4', 'Amaro 0.05', '1', '12', '0');
INSERT INTO ARTIKL_PRODAJA (ID_ARTIKL_PRODAJA, SIFRA, GRUPA_ARTIKALA_PRODAJA_ID, NAZIV, JEDINICA_MJERE_ID, CIJENA,
                            BRISANO)
VALUES ('64', '405', '4', 'Loza 0.03', '1', '9', '0');
INSERT INTO ARTIKL_PRODAJA (ID_ARTIKL_PRODAJA, SIFRA, GRUPA_ARTIKALA_PRODAJA_ID, NAZIV, JEDINICA_MJERE_ID, CIJENA,
                            BRISANO)
VALUES ('65', '406', '4', 'Loza 0.05', '1', '12', '0');
INSERT INTO ARTIKL_PRODAJA (ID_ARTIKL_PRODAJA, SIFRA, GRUPA_ARTIKALA_PRODAJA_ID, NAZIV, JEDINICA_MJERE_ID, CIJENA,
                            BRISANO)
VALUES ('66', '407', '4', 'Travarica 0.03', '1', '9', '0');
INSERT INTO ARTIKL_PRODAJA (ID_ARTIKL_PRODAJA, SIFRA, GRUPA_ARTIKALA_PRODAJA_ID, NAZIV, JEDINICA_MJERE_ID, CIJENA,
                            BRISANO)
VALUES ('67', '408', '4', 'Travarica 0.05', '1', '12', '0');
INSERT INTO ARTIKL_PRODAJA (ID_ARTIKL_PRODAJA, SIFRA, GRUPA_ARTIKALA_PRODAJA_ID, NAZIV, JEDINICA_MJERE_ID, CIJENA,
                            BRISANO)
VALUES ('68', '409', '4', 'Vecchia 0.03', '1', '9', '0');
INSERT INTO ARTIKL_PRODAJA (ID_ARTIKL_PRODAJA, SIFRA, GRUPA_ARTIKALA_PRODAJA_ID, NAZIV, JEDINICA_MJERE_ID, CIJENA,
                            BRISANO)
VALUES ('69', '410', '4', 'Vechhia 0.05', '1', '12', '0');
INSERT INTO ARTIKL_PRODAJA (ID_ARTIKL_PRODAJA, SIFRA, GRUPA_ARTIKALA_PRODAJA_ID, NAZIV, JEDINICA_MJERE_ID, CIJENA,
                            BRISANO)
VALUES ('70', '411', '4', 'Brandy Badel 0.03', '1', '9', '0');
INSERT INTO ARTIKL_PRODAJA (ID_ARTIKL_PRODAJA, SIFRA, GRUPA_ARTIKALA_PRODAJA_ID, NAZIV, JEDINICA_MJERE_ID, CIJENA,
                            BRISANO)
VALUES ('71', '412', '4', 'Brandy Badel 0.05', '1', '12', '0');
INSERT INTO ARTIKL_PRODAJA (ID_ARTIKL_PRODAJA, SIFRA, GRUPA_ARTIKALA_PRODAJA_ID, NAZIV, JEDINICA_MJERE_ID, CIJENA,
                            BRISANO)
VALUES ('72', '413', '4', 'Stock Badel 0.03', '1', '9', '0');
INSERT INTO ARTIKL_PRODAJA (ID_ARTIKL_PRODAJA, SIFRA, GRUPA_ARTIKALA_PRODAJA_ID, NAZIV, JEDINICA_MJERE_ID, CIJENA,
                            BRISANO)
VALUES ('73', '414', '4', 'Stock Badel 0.05', '1', '12', '0');
INSERT INTO ARTIKL_PRODAJA (ID_ARTIKL_PRODAJA, SIFRA, GRUPA_ARTIKALA_PRODAJA_ID, NAZIV, JEDINICA_MJERE_ID, CIJENA,
                            BRISANO)
VALUES ('74', '415', '4', 'Rum 0.03', '1', '9', '0');
INSERT INTO ARTIKL_PRODAJA (ID_ARTIKL_PRODAJA, SIFRA, GRUPA_ARTIKALA_PRODAJA_ID, NAZIV, JEDINICA_MJERE_ID, CIJENA,
                            BRISANO)
VALUES ('75', '416', '4', 'Rum 0.05', '1', '12', '0');
INSERT INTO ARTIKL_PRODAJA (ID_ARTIKL_PRODAJA, SIFRA, GRUPA_ARTIKALA_PRODAJA_ID, NAZIV, JEDINICA_MJERE_ID, CIJENA,
                            BRISANO)
VALUES ('76', '417', '4', 'Šljivovica 0.03', '1', '12', '0');
INSERT INTO ARTIKL_PRODAJA (ID_ARTIKL_PRODAJA, SIFRA, GRUPA_ARTIKALA_PRODAJA_ID, NAZIV, JEDINICA_MJERE_ID, CIJENA,
                            BRISANO)
VALUES ('77', '418', '4', 'Šljivovica 0.05', '1', '15', '0');
INSERT INTO ARTIKL_PRODAJA (ID_ARTIKL_PRODAJA, SIFRA, GRUPA_ARTIKALA_PRODAJA_ID, NAZIV, JEDINICA_MJERE_ID, CIJENA,
                            BRISANO)
VALUES ('78', '419', '4', 'Whisky Ballantines 0.03', '1', '20', '0');
INSERT INTO ARTIKL_PRODAJA (ID_ARTIKL_PRODAJA, SIFRA, GRUPA_ARTIKALA_PRODAJA_ID, NAZIV, JEDINICA_MJERE_ID, CIJENA,
                            BRISANO)
VALUES ('79', '420', '4', 'Jagermeister 0.03', '1', '18', '0');
INSERT INTO ARTIKL_PRODAJA (ID_ARTIKL_PRODAJA, SIFRA, GRUPA_ARTIKALA_PRODAJA_ID, NAZIV, JEDINICA_MJERE_ID, CIJENA,
                            BRISANO)
VALUES ('80', '421', '4', 'Viljamovka 0.03', '1', '23', '0');
INSERT INTO ARTIKL_PRODAJA (ID_ARTIKL_PRODAJA, SIFRA, GRUPA_ARTIKALA_PRODAJA_ID, NAZIV, JEDINICA_MJERE_ID, CIJENA,
                            BRISANO)
VALUES ('81', '422', '4', 'Martell V.S.', '1', '30', '0');
INSERT INTO ARTIKL_PRODAJA (ID_ARTIKL_PRODAJA, SIFRA, GRUPA_ARTIKALA_PRODAJA_ID, NAZIV, JEDINICA_MJERE_ID, CIJENA,
                            BRISANO)
VALUES ('82', '423', '4', 'Vermouth 0.10', '1', '20', '0');
INSERT INTO ARTIKL_PRODAJA (ID_ARTIKL_PRODAJA, SIFRA, GRUPA_ARTIKALA_PRODAJA_ID, NAZIV, JEDINICA_MJERE_ID, CIJENA,
                            BRISANO)
VALUES ('83', '424', '4', 'Martini 0.10', '1', '25', '0');
INSERT INTO ARTIKL_PRODAJA (ID_ARTIKL_PRODAJA, SIFRA, GRUPA_ARTIKALA_PRODAJA_ID, NAZIV, JEDINICA_MJERE_ID, CIJENA,
                            BRISANO)
VALUES ('84', '425', '4', 'Pelinkovac 0.03', '1', '9', '0');
INSERT INTO ARTIKL_PRODAJA (ID_ARTIKL_PRODAJA, SIFRA, GRUPA_ARTIKALA_PRODAJA_ID, NAZIV, JEDINICA_MJERE_ID, CIJENA,
                            BRISANO)
VALUES ('85', '426', '4', 'Pelinkovac 0.05', '1', '12', '0');
INSERT INTO ARTIKL_PRODAJA (ID_ARTIKL_PRODAJA, SIFRA, GRUPA_ARTIKALA_PRODAJA_ID, NAZIV, JEDINICA_MJERE_ID, CIJENA,
                            BRISANO)
VALUES ('86', '427', '4', 'Lavov 0.03', '1', '9', '0');
INSERT INTO ARTIKL_PRODAJA (ID_ARTIKL_PRODAJA, SIFRA, GRUPA_ARTIKALA_PRODAJA_ID, NAZIV, JEDINICA_MJERE_ID, CIJENA,
                            BRISANO)
VALUES ('87', '428', '4', 'Lavov 0.05', '1', '12', '0');
INSERT INTO ARTIKL_PRODAJA (ID_ARTIKL_PRODAJA, SIFRA, GRUPA_ARTIKALA_PRODAJA_ID, NAZIV, JEDINICA_MJERE_ID, CIJENA,
                            BRISANO)
VALUES ('88', '429', '4', 'Kruškovac 0.03', '1', '7', '0');
INSERT INTO ARTIKL_PRODAJA (ID_ARTIKL_PRODAJA, SIFRA, GRUPA_ARTIKALA_PRODAJA_ID, NAZIV, JEDINICA_MJERE_ID, CIJENA,
                            BRISANO)
VALUES ('89', '430', '4', 'Kruškovac 0.05', '1', '10', '0');
INSERT INTO ARTIKL_PRODAJA (ID_ARTIKL_PRODAJA, SIFRA, GRUPA_ARTIKALA_PRODAJA_ID, NAZIV, JEDINICA_MJERE_ID, CIJENA,
                            BRISANO)
VALUES ('90', '431', '4', 'Istra Bitter 0.03', '1', '7', '0');
INSERT INTO ARTIKL_PRODAJA (ID_ARTIKL_PRODAJA, SIFRA, GRUPA_ARTIKALA_PRODAJA_ID, NAZIV, JEDINICA_MJERE_ID, CIJENA,
                            BRISANO)
VALUES ('91', '432', '4', 'Istra Bitter 0.05', '1', '10', '0');
INSERT INTO ARTIKL_PRODAJA (ID_ARTIKL_PRODAJA, SIFRA, GRUPA_ARTIKALA_PRODAJA_ID, NAZIV, JEDINICA_MJERE_ID, CIJENA,
                            BRISANO)
VALUES ('92', '433', '4', 'Medica 0.03', '1', '12', '0');
INSERT INTO ARTIKL_PRODAJA (ID_ARTIKL_PRODAJA, SIFRA, GRUPA_ARTIKALA_PRODAJA_ID, NAZIV, JEDINICA_MJERE_ID, CIJENA,
                            BRISANO)
VALUES ('93', '434', '4', 'Medica 0.05', '1', '15', '0');
INSERT INTO ARTIKL_PRODAJA (ID_ARTIKL_PRODAJA, SIFRA, GRUPA_ARTIKALA_PRODAJA_ID, NAZIV, JEDINICA_MJERE_ID, CIJENA,
                            BRISANO)
VALUES ('94', '435', '4', 'Jack Daniel''s 0.03', '1', '20', '0');
INSERT INTO ARTIKL_PRODAJA (ID_ARTIKL_PRODAJA, SIFRA, GRUPA_ARTIKALA_PRODAJA_ID, NAZIV, JEDINICA_MJERE_ID, CIJENA,
                            BRISANO)
VALUES ('95', '436', '4', 'Liker od borovnice 0.03', '1', '12', '0');
INSERT INTO ARTIKL_PRODAJA (ID_ARTIKL_PRODAJA, SIFRA, GRUPA_ARTIKALA_PRODAJA_ID, NAZIV, JEDINICA_MJERE_ID, CIJENA,
                            BRISANO)
VALUES ('96', '437', '4', 'Liker od borovnice 0.05', '1', '15', '0');
INSERT INTO ARTIKL_PRODAJA (ID_ARTIKL_PRODAJA, SIFRA, GRUPA_ARTIKALA_PRODAJA_ID, NAZIV, JEDINICA_MJERE_ID, CIJENA,
                            BRISANO)
VALUES ('97', '438', '4', 'Višnjevac 0.03', '1', '12', '0');
INSERT INTO ARTIKL_PRODAJA (ID_ARTIKL_PRODAJA, SIFRA, GRUPA_ARTIKALA_PRODAJA_ID, NAZIV, JEDINICA_MJERE_ID, CIJENA,
                            BRISANO)
VALUES ('98', '439', '4', 'Višnjevac 0.05', '1', '15', '0');
INSERT INTO ARTIKL_PRODAJA (ID_ARTIKL_PRODAJA, SIFRA, GRUPA_ARTIKALA_PRODAJA_ID, NAZIV, JEDINICA_MJERE_ID, CIJENA,
                            BRISANO)
VALUES ('99', '440', '4', 'Hendrick''s Gin 0.03', '1', '23', '0');
INSERT INTO ARTIKL_PRODAJA (ID_ARTIKL_PRODAJA, SIFRA, GRUPA_ARTIKALA_PRODAJA_ID, NAZIV, JEDINICA_MJERE_ID, CIJENA,
                            BRISANO)
VALUES ('100', '441', '4', 'Orahovac 0.03', '1', '12', '0');
INSERT INTO ARTIKL_PRODAJA (ID_ARTIKL_PRODAJA, SIFRA, GRUPA_ARTIKALA_PRODAJA_ID, NAZIV, JEDINICA_MJERE_ID, CIJENA,
                            BRISANO)
VALUES ('101', '442', '4', 'Orahovac 0.05', '1', '15', '0');
INSERT INTO ARTIKL_PRODAJA (ID_ARTIKL_PRODAJA, SIFRA, GRUPA_ARTIKALA_PRODAJA_ID, NAZIV, JEDINICA_MJERE_ID, CIJENA,
                            BRISANO)
VALUES ('102', '444', '4', 'Aura Teranino 0.03', '1', '20', '0');
INSERT INTO ARTIKL_PRODAJA (ID_ARTIKL_PRODAJA, SIFRA, GRUPA_ARTIKALA_PRODAJA_ID, NAZIV, JEDINICA_MJERE_ID, CIJENA,
                            BRISANO)
VALUES ('103', '445', '4', 'Aura Biska 0.03', '1', '20', '0');
INSERT INTO ARTIKL_PRODAJA (ID_ARTIKL_PRODAJA, SIFRA, GRUPA_ARTIKALA_PRODAJA_ID, NAZIV, JEDINICA_MJERE_ID, CIJENA,
                            BRISANO)
VALUES ('104', '446', '4', 'Aura Divlja Kruška 0.03', '1', '20', '0');
INSERT INTO ARTIKL_PRODAJA (ID_ARTIKL_PRODAJA, SIFRA, GRUPA_ARTIKALA_PRODAJA_ID, NAZIV, JEDINICA_MJERE_ID, CIJENA,
                            BRISANO)
VALUES ('105', '447', '4', 'Aura Medenica', '1', '20', '0');
INSERT INTO ARTIKL_PRODAJA (ID_ARTIKL_PRODAJA, SIFRA, GRUPA_ARTIKALA_PRODAJA_ID, NAZIV, JEDINICA_MJERE_ID, CIJENA,
                            BRISANO)
VALUES ('106', '448', '4', 'Mozart White Chocolate', '2', '22', '0');
INSERT INTO ARTIKL_PRODAJA (ID_ARTIKL_PRODAJA, SIFRA, GRUPA_ARTIKALA_PRODAJA_ID, NAZIV, JEDINICA_MJERE_ID, CIJENA,
                            BRISANO)
VALUES ('107', '501', '5', 'Pršut', '1', '38', '0');
INSERT INTO ARTIKL_PRODAJA (ID_ARTIKL_PRODAJA, SIFRA, GRUPA_ARTIKALA_PRODAJA_ID, NAZIV, JEDINICA_MJERE_ID, CIJENA,
                            BRISANO)
VALUES ('108', '502', '5', 'Livanjski sir', '1', '38', '0');
INSERT INTO ARTIKL_PRODAJA (ID_ARTIKL_PRODAJA, SIFRA, GRUPA_ARTIKALA_PRODAJA_ID, NAZIV, JEDINICA_MJERE_ID, CIJENA,
                            BRISANO)
VALUES ('109', '503', '5', 'Juha goveæa', '1', '15', '0');
INSERT INTO ARTIKL_PRODAJA (ID_ARTIKL_PRODAJA, SIFRA, GRUPA_ARTIKALA_PRODAJA_ID, NAZIV, JEDINICA_MJERE_ID, CIJENA,
                            BRISANO)
VALUES ('110', '504', '5', 'Juha od gljiva', '1', '15', '0');
INSERT INTO ARTIKL_PRODAJA (ID_ARTIKL_PRODAJA, SIFRA, GRUPA_ARTIKALA_PRODAJA_ID, NAZIV, JEDINICA_MJERE_ID, CIJENA,
                            BRISANO)
VALUES ('111', '505', '5', 'Èobanac', '1', '30', '0');
INSERT INTO ARTIKL_PRODAJA (ID_ARTIKL_PRODAJA, SIFRA, GRUPA_ARTIKALA_PRODAJA_ID, NAZIV, JEDINICA_MJERE_ID, CIJENA,
                            BRISANO)
VALUES ('112', '506', '5', 'Grah s kobasicom', '1', '30', '0');
INSERT INTO ARTIKL_PRODAJA (ID_ARTIKL_PRODAJA, SIFRA, GRUPA_ARTIKALA_PRODAJA_ID, NAZIV, JEDINICA_MJERE_ID, CIJENA,
                            BRISANO)
VALUES ('113', '507', '5', 'Paprikaš', '1', '30', '0');
INSERT INTO ARTIKL_PRODAJA (ID_ARTIKL_PRODAJA, SIFRA, GRUPA_ARTIKALA_PRODAJA_ID, NAZIV, JEDINICA_MJERE_ID, CIJENA,
                            BRISANO)
VALUES ('114', '508', '5', 'Fileki', '1', '35', '0');
INSERT INTO ARTIKL_PRODAJA (ID_ARTIKL_PRODAJA, SIFRA, GRUPA_ARTIKALA_PRODAJA_ID, NAZIV, JEDINICA_MJERE_ID, CIJENA,
                            BRISANO)
VALUES ('115', '509', '5', 'Kalja', '1', '35', '0');
INSERT INTO ARTIKL_PRODAJA (ID_ARTIKL_PRODAJA, SIFRA, GRUPA_ARTIKALA_PRODAJA_ID, NAZIV, JEDINICA_MJERE_ID, CIJENA,
                            BRISANO)
VALUES ('116', '510', '5', 'Punjena paprika', '1', '35', '0');
INSERT INTO ARTIKL_PRODAJA (ID_ARTIKL_PRODAJA, SIFRA, GRUPA_ARTIKALA_PRODAJA_ID, NAZIV, JEDINICA_MJERE_ID, CIJENA,
                            BRISANO)
VALUES ('117', '511', '5', 'Kotlet u umaku od šampinjona', '1', '35', '0');
INSERT INTO ARTIKL_PRODAJA (ID_ARTIKL_PRODAJA, SIFRA, GRUPA_ARTIKALA_PRODAJA_ID, NAZIV, JEDINICA_MJERE_ID, CIJENA,
                            BRISANO)
VALUES ('118', '512', '5', 'Kotlet u satarašu', '1', '35', '0');
INSERT INTO ARTIKL_PRODAJA (ID_ARTIKL_PRODAJA, SIFRA, GRUPA_ARTIKALA_PRODAJA_ID, NAZIV, JEDINICA_MJERE_ID, CIJENA,
                            BRISANO)
VALUES ('119', '513', '5', 'Jetrica', '1', '25', '0');
INSERT INTO ARTIKL_PRODAJA (ID_ARTIKL_PRODAJA, SIFRA, GRUPA_ARTIKALA_PRODAJA_ID, NAZIV, JEDINICA_MJERE_ID, CIJENA,
                            BRISANO)
VALUES ('120', '514', '5', 'Teleæe peèenje', '1', '60', '0');
INSERT INTO ARTIKL_PRODAJA (ID_ARTIKL_PRODAJA, SIFRA, GRUPA_ARTIKALA_PRODAJA_ID, NAZIV, JEDINICA_MJERE_ID, CIJENA,
                            BRISANO)
VALUES ('121', '515', '5', 'Krvavice', '1', '35', '0');
INSERT INTO ARTIKL_PRODAJA (ID_ARTIKL_PRODAJA, SIFRA, GRUPA_ARTIKALA_PRODAJA_ID, NAZIV, JEDINICA_MJERE_ID, CIJENA,
                            BRISANO)
VALUES ('122', '516', '5', 'Sarma', '1', '35', '0');
INSERT INTO ARTIKL_PRODAJA (ID_ARTIKL_PRODAJA, SIFRA, GRUPA_ARTIKALA_PRODAJA_ID, NAZIV, JEDINICA_MJERE_ID, CIJENA,
                            BRISANO)
VALUES ('123', '517', '5', 'Plata "MAC"', '1', '120', '0');
INSERT INTO ARTIKL_PRODAJA (ID_ARTIKL_PRODAJA, SIFRA, GRUPA_ARTIKALA_PRODAJA_ID, NAZIV, JEDINICA_MJERE_ID, CIJENA,
                            BRISANO)
VALUES ('124', '518', '5', 'Mješano meso', '1', '55', '0');
INSERT INTO ARTIKL_PRODAJA (ID_ARTIKL_PRODAJA, SIFRA, GRUPA_ARTIKALA_PRODAJA_ID, NAZIV, JEDINICA_MJERE_ID, CIJENA,
                            BRISANO)
VALUES ('125', '519', '5', 'Punjeni lungiæ', '1', '55', '0');
INSERT INTO ARTIKL_PRODAJA (ID_ARTIKL_PRODAJA, SIFRA, GRUPA_ARTIKALA_PRODAJA_ID, NAZIV, JEDINICA_MJERE_ID, CIJENA,
                            BRISANO)
VALUES ('126', '520', '5', 'Punjena pljeskavica', '1', '55', '0');
INSERT INTO ARTIKL_PRODAJA (ID_ARTIKL_PRODAJA, SIFRA, GRUPA_ARTIKALA_PRODAJA_ID, NAZIV, JEDINICA_MJERE_ID, CIJENA,
                            BRISANO)
VALUES ('127', '521', '5', 'Teleæi kotlet', '1', '50', '0');
INSERT INTO ARTIKL_PRODAJA (ID_ARTIKL_PRODAJA, SIFRA, GRUPA_ARTIKALA_PRODAJA_ID, NAZIV, JEDINICA_MJERE_ID, CIJENA,
                            BRISANO)
VALUES ('128', '522', '5', 'Biftek s jajem', '1', '95', '0');
INSERT INTO ARTIKL_PRODAJA (ID_ARTIKL_PRODAJA, SIFRA, GRUPA_ARTIKALA_PRODAJA_ID, NAZIV, JEDINICA_MJERE_ID, CIJENA,
                            BRISANO)
VALUES ('129', '523', '5', 'Ražnjiæi', '1', '30', '0');
INSERT INTO ARTIKL_PRODAJA (ID_ARTIKL_PRODAJA, SIFRA, GRUPA_ARTIKALA_PRODAJA_ID, NAZIV, JEDINICA_MJERE_ID, CIJENA,
                            BRISANO)
VALUES ('130', '524', '5', 'Èevapæiæi', '1', '30', '0');
INSERT INTO ARTIKL_PRODAJA (ID_ARTIKL_PRODAJA, SIFRA, GRUPA_ARTIKALA_PRODAJA_ID, NAZIV, JEDINICA_MJERE_ID, CIJENA,
                            BRISANO)
VALUES ('131', '525', '5', 'Pljeskavica', '1', '35', '0');
INSERT INTO ARTIKL_PRODAJA (ID_ARTIKL_PRODAJA, SIFRA, GRUPA_ARTIKALA_PRODAJA_ID, NAZIV, JEDINICA_MJERE_ID, CIJENA,
                            BRISANO)
VALUES ('132', '526', '5', 'Pileæi ražnjiæi', '1', '35', '0');
INSERT INTO ARTIKL_PRODAJA (ID_ARTIKL_PRODAJA, SIFRA, GRUPA_ARTIKALA_PRODAJA_ID, NAZIV, JEDINICA_MJERE_ID, CIJENA,
                            BRISANO)
VALUES ('133', '527', '5', 'Pureæi file na žaru', '1', '43', '0');
INSERT INTO ARTIKL_PRODAJA (ID_ARTIKL_PRODAJA, SIFRA, GRUPA_ARTIKALA_PRODAJA_ID, NAZIV, JEDINICA_MJERE_ID, CIJENA,
                            BRISANO)
VALUES ('134', '528', '5', 'Pileæi medaljoni', '1', '50', '0');
INSERT INTO ARTIKL_PRODAJA (ID_ARTIKL_PRODAJA, SIFRA, GRUPA_ARTIKALA_PRODAJA_ID, NAZIV, JEDINICA_MJERE_ID, CIJENA,
                            BRISANO)
VALUES ('135', '529', '5', 'Naravni odrezak', '1', '55', '0');
INSERT INTO ARTIKL_PRODAJA (ID_ARTIKL_PRODAJA, SIFRA, GRUPA_ARTIKALA_PRODAJA_ID, NAZIV, JEDINICA_MJERE_ID, CIJENA,
                            BRISANO)
VALUES ('136', '530', '5', 'Zagrebaèki odrezak', '1', '55', '0');
INSERT INTO ARTIKL_PRODAJA (ID_ARTIKL_PRODAJA, SIFRA, GRUPA_ARTIKALA_PRODAJA_ID, NAZIV, JEDINICA_MJERE_ID, CIJENA,
                            BRISANO)
VALUES ('137', '531', '5', 'Beèki odrezak', '1', '55', '0');
INSERT INTO ARTIKL_PRODAJA (ID_ARTIKL_PRODAJA, SIFRA, GRUPA_ARTIKALA_PRODAJA_ID, NAZIV, JEDINICA_MJERE_ID, CIJENA,
                            BRISANO)
VALUES ('138', '532', '5', 'Pohane lignje', '1', '38', '0');
INSERT INTO ARTIKL_PRODAJA (ID_ARTIKL_PRODAJA, SIFRA, GRUPA_ARTIKALA_PRODAJA_ID, NAZIV, JEDINICA_MJERE_ID, CIJENA,
                            BRISANO)
VALUES ('139', '533', '5', 'Pržene lignje', '1', '38', '0');
INSERT INTO ARTIKL_PRODAJA (ID_ARTIKL_PRODAJA, SIFRA, GRUPA_ARTIKALA_PRODAJA_ID, NAZIV, JEDINICA_MJERE_ID, CIJENA,
                            BRISANO)
VALUES ('140', '534', '5', 'Lignje na žaru', '1', '38', '0');
INSERT INTO ARTIKL_PRODAJA (ID_ARTIKL_PRODAJA, SIFRA, GRUPA_ARTIKALA_PRODAJA_ID, NAZIV, JEDINICA_MJERE_ID, CIJENA,
                            BRISANO)
VALUES ('141', '535', '5', 'Teleæa koljenica 1 kg', '1', '100', '0');
INSERT INTO ARTIKL_PRODAJA (ID_ARTIKL_PRODAJA, SIFRA, GRUPA_ARTIKALA_PRODAJA_ID, NAZIV, JEDINICA_MJERE_ID, CIJENA,
                            BRISANO)
VALUES ('142', '536', '5', 'Buncek 1 kg', '1', '95', '0');
INSERT INTO ARTIKL_PRODAJA (ID_ARTIKL_PRODAJA, SIFRA, GRUPA_ARTIKALA_PRODAJA_ID, NAZIV, JEDINICA_MJERE_ID, CIJENA,
                            BRISANO)
VALUES ('143', '537', '5', 'Bakalar', '1', '60', '0');
INSERT INTO ARTIKL_PRODAJA (ID_ARTIKL_PRODAJA, SIFRA, GRUPA_ARTIKALA_PRODAJA_ID, NAZIV, JEDINICA_MJERE_ID, CIJENA,
                            BRISANO)
VALUES ('144', '538', '5', 'Punjene lignje', '1', '60', '0');
INSERT INTO ARTIKL_PRODAJA (ID_ARTIKL_PRODAJA, SIFRA, GRUPA_ARTIKALA_PRODAJA_ID, NAZIV, JEDINICA_MJERE_ID, CIJENA,
                            BRISANO)
VALUES ('145', '539', '5', 'Svinjsko peèenje', '1', '35', '0');
INSERT INTO ARTIKL_PRODAJA (ID_ARTIKL_PRODAJA, SIFRA, GRUPA_ARTIKALA_PRODAJA_ID, NAZIV, JEDINICA_MJERE_ID, CIJENA,
                            BRISANO)
VALUES ('146', '540', '5', 'Palaèinke ?okolada', '1', '18', '0');
INSERT INTO ARTIKL_PRODAJA (ID_ARTIKL_PRODAJA, SIFRA, GRUPA_ARTIKALA_PRODAJA_ID, NAZIV, JEDINICA_MJERE_ID, CIJENA,
                            BRISANO)
VALUES ('147', '541', '5', 'Palaèinke marmelada', '1', '18', '0');
INSERT INTO ARTIKL_PRODAJA (ID_ARTIKL_PRODAJA, SIFRA, GRUPA_ARTIKALA_PRODAJA_ID, NAZIV, JEDINICA_MJERE_ID, CIJENA,
                            BRISANO)
VALUES ('148', '542', '5', 'Palaèinke orasi', '1', '18', '0');
INSERT INTO ARTIKL_PRODAJA (ID_ARTIKL_PRODAJA, SIFRA, GRUPA_ARTIKALA_PRODAJA_ID, NAZIV, JEDINICA_MJERE_ID, CIJENA,
                            BRISANO)
VALUES ('149', '543', '5', 'Palaèinke kombinacija', '1', '23', '0');
INSERT INTO ARTIKL_PRODAJA (ID_ARTIKL_PRODAJA, SIFRA, GRUPA_ARTIKALA_PRODAJA_ID, NAZIV, JEDINICA_MJERE_ID, CIJENA,
                            BRISANO)
VALUES ('150', '544', '5', 'Palaèinke u šatoou', '1', '25', '0');
INSERT INTO ARTIKL_PRODAJA (ID_ARTIKL_PRODAJA, SIFRA, GRUPA_ARTIKALA_PRODAJA_ID, NAZIV, JEDINICA_MJERE_ID, CIJENA,
                            BRISANO)
VALUES ('151', '545', '5', 'Peèenice', '1', '28', '0');
INSERT INTO ARTIKL_PRODAJA (ID_ARTIKL_PRODAJA, SIFRA, GRUPA_ARTIKALA_PRODAJA_ID, NAZIV, JEDINICA_MJERE_ID, CIJENA,
                            BRISANO)
VALUES ('152', '546', '5', 'Pariški odrezak', '1', '55', '0');
INSERT INTO ARTIKL_PRODAJA (ID_ARTIKL_PRODAJA, SIFRA, GRUPA_ARTIKALA_PRODAJA_ID, NAZIV, JEDINICA_MJERE_ID, CIJENA,
                            BRISANO)
VALUES ('153', '547', '5', 'Svinjski kotleti', '1', '35', '0');
INSERT INTO ARTIKL_PRODAJA (ID_ARTIKL_PRODAJA, SIFRA, GRUPA_ARTIKALA_PRODAJA_ID, NAZIV, JEDINICA_MJERE_ID, CIJENA,
                            BRISANO)
VALUES ('154', '548', '5', 'Pohani sir', '1', '35', '0');
INSERT INTO ARTIKL_PRODAJA (ID_ARTIKL_PRODAJA, SIFRA, GRUPA_ARTIKALA_PRODAJA_ID, NAZIV, JEDINICA_MJERE_ID, CIJENA,
                            BRISANO)
VALUES ('155', '549', '5', 'Purica s mlincima', '1', '70', '0');
INSERT INTO ARTIKL_PRODAJA (ID_ARTIKL_PRODAJA, SIFRA, GRUPA_ARTIKALA_PRODAJA_ID, NAZIV, JEDINICA_MJERE_ID, CIJENA,
                            BRISANO)
VALUES ('156', '550', '5', 'Srdelice', '1', '30', '0');
INSERT INTO ARTIKL_PRODAJA (ID_ARTIKL_PRODAJA, SIFRA, GRUPA_ARTIKALA_PRODAJA_ID, NAZIV, JEDINICA_MJERE_ID, CIJENA,
                            BRISANO)
VALUES ('157', '551', '5', 'Janjeæa kalja ', '1', '55', '0');
INSERT INTO ARTIKL_PRODAJA (ID_ARTIKL_PRODAJA, SIFRA, GRUPA_ARTIKALA_PRODAJA_ID, NAZIV, JEDINICA_MJERE_ID, CIJENA,
                            BRISANO)
VALUES ('158', '553', '5', 'Njoki', '3', '15', '0');
INSERT INTO ARTIKL_PRODAJA (ID_ARTIKL_PRODAJA, SIFRA, GRUPA_ARTIKALA_PRODAJA_ID, NAZIV, JEDINICA_MJERE_ID, CIJENA,
                            BRISANO)
VALUES ('159', '554', '5', 'Pohani pileæi beèki', '1', '55', '0');
INSERT INTO ARTIKL_PRODAJA (ID_ARTIKL_PRODAJA, SIFRA, GRUPA_ARTIKALA_PRODAJA_ID, NAZIV, JEDINICA_MJERE_ID, CIJENA,
                            BRISANO)
VALUES ('160', '555', '5', 'Pohani pureæi file ', '1', '55', '0');
INSERT INTO ARTIKL_PRODAJA (ID_ARTIKL_PRODAJA, SIFRA, GRUPA_ARTIKALA_PRODAJA_ID, NAZIV, JEDINICA_MJERE_ID, CIJENA,
                            BRISANO)
VALUES ('161', '556', '5', 'Kulen', '1', '38', '0');
INSERT INTO ARTIKL_PRODAJA (ID_ARTIKL_PRODAJA, SIFRA, GRUPA_ARTIKALA_PRODAJA_ID, NAZIV, JEDINICA_MJERE_ID, CIJENA,
                            BRISANO)
VALUES ('162', '601', '6', 'R.krumpir i kiseli kupus', '1', '14', '0');
INSERT INTO ARTIKL_PRODAJA (ID_ARTIKL_PRODAJA, SIFRA, GRUPA_ARTIKALA_PRODAJA_ID, NAZIV, JEDINICA_MJERE_ID, CIJENA,
                            BRISANO)
VALUES ('163', '602', '6', 'Peèeni krumpir', '1', '12', '0');
INSERT INTO ARTIKL_PRODAJA (ID_ARTIKL_PRODAJA, SIFRA, GRUPA_ARTIKALA_PRODAJA_ID, NAZIV, JEDINICA_MJERE_ID, CIJENA,
                            BRISANO)
VALUES ('164', '603', '6', 'Šampinjoni na žaru', '1', '23', '0');
INSERT INTO ARTIKL_PRODAJA (ID_ARTIKL_PRODAJA, SIFRA, GRUPA_ARTIKALA_PRODAJA_ID, NAZIV, JEDINICA_MJERE_ID, CIJENA,
                            BRISANO)
VALUES ('165', '605', '6', 'Tartar umak', '1', '7', '0');
INSERT INTO ARTIKL_PRODAJA (ID_ARTIKL_PRODAJA, SIFRA, GRUPA_ARTIKALA_PRODAJA_ID, NAZIV, JEDINICA_MJERE_ID, CIJENA,
                            BRISANO)
VALUES ('166', '606', '6', 'Ketchup', '1', '7', '0');
INSERT INTO ARTIKL_PRODAJA (ID_ARTIKL_PRODAJA, SIFRA, GRUPA_ARTIKALA_PRODAJA_ID, NAZIV, JEDINICA_MJERE_ID, CIJENA,
                            BRISANO)
VALUES ('167', '607', '6', 'Ajvar', '1', '7', '0');
INSERT INTO ARTIKL_PRODAJA (ID_ARTIKL_PRODAJA, SIFRA, GRUPA_ARTIKALA_PRODAJA_ID, NAZIV, JEDINICA_MJERE_ID, CIJENA,
                            BRISANO)
VALUES ('168', '608', '6', 'Kruh', '1', '4', '0');
INSERT INTO ARTIKL_PRODAJA (ID_ARTIKL_PRODAJA, SIFRA, GRUPA_ARTIKALA_PRODAJA_ID, NAZIV, JEDINICA_MJERE_ID, CIJENA,
                            BRISANO)
VALUES ('169', '609', '6', 'Couver', '1', '5', '0');
INSERT INTO ARTIKL_PRODAJA (ID_ARTIKL_PRODAJA, SIFRA, GRUPA_ARTIKALA_PRODAJA_ID, NAZIV, JEDINICA_MJERE_ID, CIJENA,
                            BRISANO)
VALUES ('170', '610', '6', 'Kiseli kupus', '1', '14', '0');
INSERT INTO ARTIKL_PRODAJA (ID_ARTIKL_PRODAJA, SIFRA, GRUPA_ARTIKALA_PRODAJA_ID, NAZIV, JEDINICA_MJERE_ID, CIJENA,
                            BRISANO)
VALUES ('171', '611', '6', 'Salata mješana', '1', '13', '0');
INSERT INTO ARTIKL_PRODAJA (ID_ARTIKL_PRODAJA, SIFRA, GRUPA_ARTIKALA_PRODAJA_ID, NAZIV, JEDINICA_MJERE_ID, CIJENA,
                            BRISANO)
VALUES ('172', '612', '6', 'Salata zelena', '1', '13', '0');
INSERT INTO ARTIKL_PRODAJA (ID_ARTIKL_PRODAJA, SIFRA, GRUPA_ARTIKALA_PRODAJA_ID, NAZIV, JEDINICA_MJERE_ID, CIJENA,
                            BRISANO)
VALUES ('173', '613', '6', 'Salata paradajz', '1', '14', '0');
INSERT INTO ARTIKL_PRODAJA (ID_ARTIKL_PRODAJA, SIFRA, GRUPA_ARTIKALA_PRODAJA_ID, NAZIV, JEDINICA_MJERE_ID, CIJENA,
                            BRISANO)
VALUES ('174', '614', '6', 'Salata zelje', '1', '13', '0');
INSERT INTO ARTIKL_PRODAJA (ID_ARTIKL_PRODAJA, SIFRA, GRUPA_ARTIKALA_PRODAJA_ID, NAZIV, JEDINICA_MJERE_ID, CIJENA,
                            BRISANO)
VALUES ('175', '615', '6', 'Salata krastavac', '1', '13', '0');
INSERT INTO ARTIKL_PRODAJA (ID_ARTIKL_PRODAJA, SIFRA, GRUPA_ARTIKALA_PRODAJA_ID, NAZIV, JEDINICA_MJERE_ID, CIJENA,
                            BRISANO)
VALUES ('176', '616', '6', 'Salata grah', '1', '13', '0');
INSERT INTO ARTIKL_PRODAJA (ID_ARTIKL_PRODAJA, SIFRA, GRUPA_ARTIKALA_PRODAJA_ID, NAZIV, JEDINICA_MJERE_ID, CIJENA,
                            BRISANO)
VALUES ('177', '617', '6', 'Peèena paprika', '1', '19', '0');
INSERT INTO ARTIKL_PRODAJA (ID_ARTIKL_PRODAJA, SIFRA, GRUPA_ARTIKALA_PRODAJA_ID, NAZIV, JEDINICA_MJERE_ID, CIJENA,
                            BRISANO)
VALUES ('178', '618', '6', 'Restani krumpir', '1', '12', '0');
INSERT INTO ARTIKL_PRODAJA (ID_ARTIKL_PRODAJA, SIFRA, GRUPA_ARTIKALA_PRODAJA_ID, NAZIV, JEDINICA_MJERE_ID, CIJENA,
                            BRISANO)
VALUES ('179', '619', '6', 'Povræe na žaru', '1', '20', '0');
INSERT INTO ARTIKL_PRODAJA (ID_ARTIKL_PRODAJA, SIFRA, GRUPA_ARTIKALA_PRODAJA_ID, NAZIV, JEDINICA_MJERE_ID, CIJENA,
                            BRISANO)
VALUES ('180', '620', '6', 'Salata krastavac vrhnje', '1', '15', '0');
INSERT INTO ARTIKL_PRODAJA (ID_ARTIKL_PRODAJA, SIFRA, GRUPA_ARTIKALA_PRODAJA_ID, NAZIV, JEDINICA_MJERE_ID, CIJENA,
                            BRISANO)
VALUES ('181', '621', '6', 'Mladi Luk', '1', '10', '0');
INSERT INTO ARTIKL_PRODAJA (ID_ARTIKL_PRODAJA, SIFRA, GRUPA_ARTIKALA_PRODAJA_ID, NAZIV, JEDINICA_MJERE_ID, CIJENA,
                            BRISANO)
VALUES ('182', '622', '6', 'Kajmak', '1', '7', '0');
INSERT INTO ARTIKL_PRODAJA (ID_ARTIKL_PRODAJA, SIFRA, GRUPA_ARTIKALA_PRODAJA_ID, NAZIV, JEDINICA_MJERE_ID, CIJENA,
                            BRISANO)
VALUES ('183', '623', '6', 'Šopska salata', '1', '19', '0');
INSERT INTO ARTIKL_PRODAJA (ID_ARTIKL_PRODAJA, SIFRA, GRUPA_ARTIKALA_PRODAJA_ID, NAZIV, JEDINICA_MJERE_ID, CIJENA,
                            BRISANO)
VALUES ('184', '624', '6', 'Luk', '1', '5', '0');
INSERT INTO ARTIKL_PRODAJA (ID_ARTIKL_PRODAJA, SIFRA, GRUPA_ARTIKALA_PRODAJA_ID, NAZIV, JEDINICA_MJERE_ID, CIJENA,
                            BRISANO)
VALUES ('185', '625', '6', 'Blitva', '1', '16', '0');
INSERT INTO ARTIKL_PRODAJA (ID_ARTIKL_PRODAJA, SIFRA, GRUPA_ARTIKALA_PRODAJA_ID, NAZIV, JEDINICA_MJERE_ID, CIJENA,
                            BRISANO)
VALUES ('186', '626', '6', 'Parmezan', '3', '5', '0');
INSERT INTO ARTIKL_PRODAJA (ID_ARTIKL_PRODAJA, SIFRA, GRUPA_ARTIKALA_PRODAJA_ID, NAZIV, JEDINICA_MJERE_ID, CIJENA,
                            BRISANO)
VALUES ('187', '627', '6', 'Kroketi', '3', '15', '0');
INSERT INTO ARTIKL_PRODAJA (ID_ARTIKL_PRODAJA, SIFRA, GRUPA_ARTIKALA_PRODAJA_ID, NAZIV, JEDINICA_MJERE_ID, CIJENA,
                            BRISANO)
VALUES ('188', '628', '6', 'Riža', '3', '12', '0');
INSERT INTO ARTIKL_PRODAJA (ID_ARTIKL_PRODAJA, SIFRA, GRUPA_ARTIKALA_PRODAJA_ID, NAZIV, JEDINICA_MJERE_ID, CIJENA,
                            BRISANO)
VALUES ('189', '701', '7', 'Alu-tacna', '1', '10', '0');
INSERT INTO ARTIKL_PRODAJA (ID_ARTIKL_PRODAJA, SIFRA, GRUPA_ARTIKALA_PRODAJA_ID, NAZIV, JEDINICA_MJERE_ID, CIJENA,
                            BRISANO)
VALUES ('190', '702', '7', 'Ambalaža', '1', '2', '0');
REM INSERTING into GRUPA_ARTIKALA_NABAVA
SET DEFINE OFF;
INSERT INTO GRUPA_ARTIKALA_NABAVA (ID_GRUPA_ARTIKALA_NABAVA, NAZIV, POREZNA_STOPA_ID, VIDLJIVO)
VALUES ('1', 'Artikli s PDV-om 25 posto', '1', '1');
INSERT INTO GRUPA_ARTIKALA_NABAVA (ID_GRUPA_ARTIKALA_NABAVA, NAZIV, POREZNA_STOPA_ID, VIDLJIVO)
VALUES ('2', 'Artikli s PDV-om 5 posto', '4', '1');
REM INSERTING into GRUPA_ARTIKALA_PRODAJA
SET DEFINE OFF;
INSERT INTO GRUPA_ARTIKALA_PRODAJA (ID_GRUPA_ARTIKALA_PRODAJA, NAZIV, POREZNA_STOPA_ID, VIDLJIVO)
VALUES ('0', 'Topli napitci', '1', '1');
INSERT INTO GRUPA_ARTIKALA_PRODAJA (ID_GRUPA_ARTIKALA_PRODAJA, NAZIV, POREZNA_STOPA_ID, VIDLJIVO)
VALUES ('1', 'Bezalkoholna pi?a', '2', '1');
INSERT INTO GRUPA_ARTIKALA_PRODAJA (ID_GRUPA_ARTIKALA_PRODAJA, NAZIV, POREZNA_STOPA_ID, VIDLJIVO)
VALUES ('2', 'Pivo', '2', '1');
INSERT INTO GRUPA_ARTIKALA_PRODAJA (ID_GRUPA_ARTIKALA_PRODAJA, NAZIV, POREZNA_STOPA_ID, VIDLJIVO)
VALUES ('3', 'Vino', '2', '1');
INSERT INTO GRUPA_ARTIKALA_PRODAJA (ID_GRUPA_ARTIKALA_PRODAJA, NAZIV, POREZNA_STOPA_ID, VIDLJIVO)
VALUES ('4', 'Žestoka piæa', '2', '1');
INSERT INTO GRUPA_ARTIKALA_PRODAJA (ID_GRUPA_ARTIKALA_PRODAJA, NAZIV, POREZNA_STOPA_ID, VIDLJIVO)
VALUES ('5', 'Hrana', '3', '1');
INSERT INTO GRUPA_ARTIKALA_PRODAJA (ID_GRUPA_ARTIKALA_PRODAJA, NAZIV, POREZNA_STOPA_ID, VIDLJIVO)
VALUES ('6', 'Salate i prilozi', '3', '1');
INSERT INTO GRUPA_ARTIKALA_PRODAJA (ID_GRUPA_ARTIKALA_PRODAJA, NAZIV, POREZNA_STOPA_ID, VIDLJIVO)
VALUES ('7', 'OSTALO', '1', '1');
REM INSERTING into JEDINICA_MJERE
SET DEFINE OFF;
INSERT INTO JEDINICA_MJERE (ID_JEDINICA_MJERE, OZNAKA)
VALUES ('1', 'Kom');
INSERT INTO JEDINICA_MJERE (ID_JEDINICA_MJERE, OZNAKA)
VALUES ('2', 'Lit');
INSERT INTO JEDINICA_MJERE (ID_JEDINICA_MJERE, OZNAKA)
VALUES ('3', 'Kg');
REM INSERTING into NORMATIV
SET DEFINE OFF;
INSERT INTO NORMATIV (ID_NORMATIV, ARTIKL_PRODAJA_ID, ARTIKL_NABAVA_ID, UTROSAK)
VALUES ('116', '78', '62', '0.03');
INSERT INTO NORMATIV (ID_NORMATIV, ARTIKL_PRODAJA_ID, ARTIKL_NABAVA_ID, UTROSAK)
VALUES ('118', '80', '64', '0.03');
INSERT INTO NORMATIV (ID_NORMATIV, ARTIKL_PRODAJA_ID, ARTIKL_NABAVA_ID, UTROSAK)
VALUES ('121', '83', '67', '0.1');
INSERT INTO NORMATIV (ID_NORMATIV, ARTIKL_PRODAJA_ID, ARTIKL_NABAVA_ID, UTROSAK)
VALUES ('123', '85', '68', '0.05');
INSERT INTO NORMATIV (ID_NORMATIV, ARTIKL_PRODAJA_ID, ARTIKL_NABAVA_ID, UTROSAK)
VALUES ('125', '87', '69', '0.05');
INSERT INTO NORMATIV (ID_NORMATIV, ARTIKL_PRODAJA_ID, ARTIKL_NABAVA_ID, UTROSAK)
VALUES ('127', '89', '70', '0.05');
INSERT INTO NORMATIV (ID_NORMATIV, ARTIKL_PRODAJA_ID, ARTIKL_NABAVA_ID, UTROSAK)
VALUES ('129', '91', '71', '0.05');
INSERT INTO NORMATIV (ID_NORMATIV, ARTIKL_PRODAJA_ID, ARTIKL_NABAVA_ID, UTROSAK)
VALUES ('131', '93', '72', '0.05');
INSERT INTO NORMATIV (ID_NORMATIV, ARTIKL_PRODAJA_ID, ARTIKL_NABAVA_ID, UTROSAK)
VALUES ('133', '95', '74', '0.03');
INSERT INTO NORMATIV (ID_NORMATIV, ARTIKL_PRODAJA_ID, ARTIKL_NABAVA_ID, UTROSAK)
VALUES ('135', '97', '75', '0.03');
INSERT INTO NORMATIV (ID_NORMATIV, ARTIKL_PRODAJA_ID, ARTIKL_NABAVA_ID, UTROSAK)
VALUES ('137', '99', '77', '0.03');
INSERT INTO NORMATIV (ID_NORMATIV, ARTIKL_PRODAJA_ID, ARTIKL_NABAVA_ID, UTROSAK)
VALUES ('139', '101', '76', '0.05');
INSERT INTO NORMATIV (ID_NORMATIV, ARTIKL_PRODAJA_ID, ARTIKL_NABAVA_ID, UTROSAK)
VALUES ('141', '103', '79', '0.03');
INSERT INTO NORMATIV (ID_NORMATIV, ARTIKL_PRODAJA_ID, ARTIKL_NABAVA_ID, UTROSAK)
VALUES ('144', '106', '82', '0.03');
INSERT INTO NORMATIV (ID_NORMATIV, ARTIKL_PRODAJA_ID, ARTIKL_NABAVA_ID, UTROSAK)
VALUES ('146', '107', '84', '0.08');
INSERT INTO NORMATIV (ID_NORMATIV, ARTIKL_PRODAJA_ID, ARTIKL_NABAVA_ID, UTROSAK)
VALUES ('148', '108', '84', '0.03');
INSERT INTO NORMATIV (ID_NORMATIV, ARTIKL_PRODAJA_ID, ARTIKL_NABAVA_ID, UTROSAK)
VALUES ('150', '108', '86', '0.1');
INSERT INTO NORMATIV (ID_NORMATIV, ARTIKL_PRODAJA_ID, ARTIKL_NABAVA_ID, UTROSAK)
VALUES ('153', '109', '89', '0.0005');
INSERT INTO NORMATIV (ID_NORMATIV, ARTIKL_PRODAJA_ID, ARTIKL_NABAVA_ID, UTROSAK)
VALUES ('156', '110', '88', '0.005');
INSERT INTO NORMATIV (ID_NORMATIV, ARTIKL_PRODAJA_ID, ARTIKL_NABAVA_ID, UTROSAK)
VALUES ('159', '110', '115', '0.02');
INSERT INTO NORMATIV (ID_NORMATIV, ARTIKL_PRODAJA_ID, ARTIKL_NABAVA_ID, UTROSAK)
VALUES ('162', '111', '87', '0.06');
INSERT INTO NORMATIV (ID_NORMATIV, ARTIKL_PRODAJA_ID, ARTIKL_NABAVA_ID, UTROSAK)
VALUES ('164', '111', '89', '0.0001');
INSERT INTO NORMATIV (ID_NORMATIV, ARTIKL_PRODAJA_ID, ARTIKL_NABAVA_ID, UTROSAK)
VALUES ('166', '111', '93', '0.1');
INSERT INTO NORMATIV (ID_NORMATIV, ARTIKL_PRODAJA_ID, ARTIKL_NABAVA_ID, UTROSAK)
VALUES ('169', '111', '96', '0.03');
INSERT INTO NORMATIV (ID_NORMATIV, ARTIKL_PRODAJA_ID, ARTIKL_NABAVA_ID, UTROSAK)
VALUES ('172', '111', '99', '0.005');
INSERT INTO NORMATIV (ID_NORMATIV, ARTIKL_PRODAJA_ID, ARTIKL_NABAVA_ID, UTROSAK)
VALUES ('175', '112', '88', '0.006');
INSERT INTO NORMATIV (ID_NORMATIV, ARTIKL_PRODAJA_ID, ARTIKL_NABAVA_ID, UTROSAK)
VALUES ('179', '112', '96', '0.015');
INSERT INTO NORMATIV (ID_NORMATIV, ARTIKL_PRODAJA_ID, ARTIKL_NABAVA_ID, UTROSAK)
VALUES ('181', '112', '102', '0.15');
INSERT INTO NORMATIV (ID_NORMATIV, ARTIKL_PRODAJA_ID, ARTIKL_NABAVA_ID, UTROSAK)
VALUES ('183', '113', '87', '0.03');
INSERT INTO NORMATIV (ID_NORMATIV, ARTIKL_PRODAJA_ID, ARTIKL_NABAVA_ID, UTROSAK)
VALUES ('185', '113', '92', '0.2');
INSERT INTO NORMATIV (ID_NORMATIV, ARTIKL_PRODAJA_ID, ARTIKL_NABAVA_ID, UTROSAK)
VALUES ('189', '113', '101', '0.008');
INSERT INTO NORMATIV (ID_NORMATIV, ARTIKL_PRODAJA_ID, ARTIKL_NABAVA_ID, UTROSAK)
VALUES ('191', '113', '136', '0.2');
INSERT INTO NORMATIV (ID_NORMATIV, ARTIKL_PRODAJA_ID, ARTIKL_NABAVA_ID, UTROSAK)
VALUES ('194', '114', '88', '0.006');
INSERT INTO NORMATIV (ID_NORMATIV, ARTIKL_PRODAJA_ID, ARTIKL_NABAVA_ID, UTROSAK)
VALUES ('199', '114', '96', '0.01');
INSERT INTO NORMATIV (ID_NORMATIV, ARTIKL_PRODAJA_ID, ARTIKL_NABAVA_ID, UTROSAK)
VALUES ('201', '114', '101', '0.008');
INSERT INTO NORMATIV (ID_NORMATIV, ARTIKL_PRODAJA_ID, ARTIKL_NABAVA_ID, UTROSAK)
VALUES ('204', '114', '106', '0.012');
INSERT INTO NORMATIV (ID_NORMATIV, ARTIKL_PRODAJA_ID, ARTIKL_NABAVA_ID, UTROSAK)
VALUES ('207', '114', '136', '0.2');
INSERT INTO NORMATIV (ID_NORMATIV, ARTIKL_PRODAJA_ID, ARTIKL_NABAVA_ID, UTROSAK)
VALUES ('211', '115', '89', '0.0005');
INSERT INTO NORMATIV (ID_NORMATIV, ARTIKL_PRODAJA_ID, ARTIKL_NABAVA_ID, UTROSAK)
VALUES ('214', '115', '95', '0.0008');
INSERT INTO NORMATIV (ID_NORMATIV, ARTIKL_PRODAJA_ID, ARTIKL_NABAVA_ID, UTROSAK)
VALUES ('218', '115', '109', '0.2');
INSERT INTO NORMATIV (ID_NORMATIV, ARTIKL_PRODAJA_ID, ARTIKL_NABAVA_ID, UTROSAK)
VALUES ('220', '116', '88', '0.007');
INSERT INTO NORMATIV (ID_NORMATIV, ARTIKL_PRODAJA_ID, ARTIKL_NABAVA_ID, UTROSAK)
VALUES ('223', '116', '93', '0.1');
INSERT INTO NORMATIV (ID_NORMATIV, ARTIKL_PRODAJA_ID, ARTIKL_NABAVA_ID, UTROSAK)
VALUES ('226', '116', '97', '0.1');
INSERT INTO NORMATIV (ID_NORMATIV, ARTIKL_PRODAJA_ID, ARTIKL_NABAVA_ID, UTROSAK)
VALUES ('230', '116', '110', '0.2');
INSERT INTO NORMATIV (ID_NORMATIV, ARTIKL_PRODAJA_ID, ARTIKL_NABAVA_ID, UTROSAK)
VALUES ('232', '116', '112', '0.003');
INSERT INTO NORMATIV (ID_NORMATIV, ARTIKL_PRODAJA_ID, ARTIKL_NABAVA_ID, UTROSAK)
VALUES ('234', '117', '88', '0.006');
INSERT INTO NORMATIV (ID_NORMATIV, ARTIKL_PRODAJA_ID, ARTIKL_NABAVA_ID, UTROSAK)
VALUES ('237', '117', '98', '0.15');
INSERT INTO NORMATIV (ID_NORMATIV, ARTIKL_PRODAJA_ID, ARTIKL_NABAVA_ID, UTROSAK)
VALUES ('241', '117', '115', '0.05');
INSERT INTO NORMATIV (ID_NORMATIV, ARTIKL_PRODAJA_ID, ARTIKL_NABAVA_ID, UTROSAK)
VALUES ('244', '118', '87', '0.1');
INSERT INTO NORMATIV (ID_NORMATIV, ARTIKL_PRODAJA_ID, ARTIKL_NABAVA_ID, UTROSAK)
VALUES ('247', '118', '98', '0.2');
INSERT INTO NORMATIV (ID_NORMATIV, ARTIKL_PRODAJA_ID, ARTIKL_NABAVA_ID, UTROSAK)
VALUES ('250', '118', '110', '0.004');
INSERT INTO NORMATIV (ID_NORMATIV, ARTIKL_PRODAJA_ID, ARTIKL_NABAVA_ID, UTROSAK)
VALUES ('253', '118', '136', '0.2');
INSERT INTO NORMATIV (ID_NORMATIV, ARTIKL_PRODAJA_ID, ARTIKL_NABAVA_ID, UTROSAK)
VALUES ('256', '119', '88', '0.005');
INSERT INTO NORMATIV (ID_NORMATIV, ARTIKL_PRODAJA_ID, ARTIKL_NABAVA_ID, UTROSAK)
VALUES ('259', '119', '104', '0.02');
INSERT INTO NORMATIV (ID_NORMATIV, ARTIKL_PRODAJA_ID, ARTIKL_NABAVA_ID, UTROSAK)
VALUES ('261', '120', '88', '0.007');
INSERT INTO NORMATIV (ID_NORMATIV, ARTIKL_PRODAJA_ID, ARTIKL_NABAVA_ID, UTROSAK)
VALUES ('264', '120', '117', '0.5');
INSERT INTO NORMATIV (ID_NORMATIV, ARTIKL_PRODAJA_ID, ARTIKL_NABAVA_ID, UTROSAK)
VALUES ('267', '121', '101', '0.008');
INSERT INTO NORMATIV (ID_NORMATIV, ARTIKL_PRODAJA_ID, ARTIKL_NABAVA_ID, UTROSAK)
VALUES ('269', '121', '119', '0.2');
INSERT INTO NORMATIV (ID_NORMATIV, ARTIKL_PRODAJA_ID, ARTIKL_NABAVA_ID, UTROSAK)
VALUES ('272', '122', '88', '0.004');
INSERT INTO NORMATIV (ID_NORMATIV, ARTIKL_PRODAJA_ID, ARTIKL_NABAVA_ID, UTROSAK)
VALUES ('274', '122', '93', '0.1');
INSERT INTO NORMATIV (ID_NORMATIV, ARTIKL_PRODAJA_ID, ARTIKL_NABAVA_ID, UTROSAK)
VALUES ('277', '122', '99', '0.001');
INSERT INTO NORMATIV (ID_NORMATIV, ARTIKL_PRODAJA_ID, ARTIKL_NABAVA_ID, UTROSAK)
VALUES ('281', '122', '111', '0.04');
INSERT INTO NORMATIV (ID_NORMATIV, ARTIKL_PRODAJA_ID, ARTIKL_NABAVA_ID, UTROSAK)
VALUES ('283', '122', '136', '0.2');
INSERT INTO NORMATIV (ID_NORMATIV, ARTIKL_PRODAJA_ID, ARTIKL_NABAVA_ID, UTROSAK)
VALUES ('286', '123', '89', '0.0005');
INSERT INTO NORMATIV (ID_NORMATIV, ARTIKL_PRODAJA_ID, ARTIKL_NABAVA_ID, UTROSAK)
VALUES ('288', '123', '93', '0.17');
INSERT INTO NORMATIV (ID_NORMATIV, ARTIKL_PRODAJA_ID, ARTIKL_NABAVA_ID, UTROSAK)
VALUES ('290', '123', '105', '0.08');
INSERT INTO NORMATIV (ID_NORMATIV, ARTIKL_PRODAJA_ID, ARTIKL_NABAVA_ID, UTROSAK)
VALUES ('293', '123', '116', '0.004');
INSERT INTO NORMATIV (ID_NORMATIV, ARTIKL_PRODAJA_ID, ARTIKL_NABAVA_ID, UTROSAK)
VALUES ('295', '124', '87', '0.2');
INSERT INTO NORMATIV (ID_NORMATIV, ARTIKL_PRODAJA_ID, ARTIKL_NABAVA_ID, UTROSAK)
VALUES ('297', '124', '89', '0.0002');
INSERT INTO NORMATIV (ID_NORMATIV, ARTIKL_PRODAJA_ID, ARTIKL_NABAVA_ID, UTROSAK)
VALUES ('391', '138', '97', '0.801');
INSERT INTO NORMATIV (ID_NORMATIV, ARTIKL_PRODAJA_ID, ARTIKL_NABAVA_ID, UTROSAK)
VALUES ('393', '138', '104', '0.05');
INSERT INTO NORMATIV (ID_NORMATIV, ARTIKL_PRODAJA_ID, ARTIKL_NABAVA_ID, UTROSAK)
VALUES ('396', '138', '130', '0.35');
INSERT INTO NORMATIV (ID_NORMATIV, ARTIKL_PRODAJA_ID, ARTIKL_NABAVA_ID, UTROSAK)
VALUES ('401', '139', '97', '0.801');
INSERT INTO NORMATIV (ID_NORMATIV, ARTIKL_PRODAJA_ID, ARTIKL_NABAVA_ID, UTROSAK)
VALUES ('403', '139', '104', '0.03');
INSERT INTO NORMATIV (ID_NORMATIV, ARTIKL_PRODAJA_ID, ARTIKL_NABAVA_ID, UTROSAK)
VALUES ('406', '140', '88', '0.002');
INSERT INTO NORMATIV (ID_NORMATIV, ARTIKL_PRODAJA_ID, ARTIKL_NABAVA_ID, UTROSAK)
VALUES ('408', '140', '104', '0.003');
INSERT INTO NORMATIV (ID_NORMATIV, ARTIKL_PRODAJA_ID, ARTIKL_NABAVA_ID, UTROSAK)
VALUES ('411', '141', '101', '0.3');
INSERT INTO NORMATIV (ID_NORMATIV, ARTIKL_PRODAJA_ID, ARTIKL_NABAVA_ID, UTROSAK)
VALUES ('414', '142', '131', '1');
INSERT INTO NORMATIV (ID_NORMATIV, ARTIKL_PRODAJA_ID, ARTIKL_NABAVA_ID, UTROSAK)
VALUES ('417', '143', '98', '0.5');
INSERT INTO NORMATIV (ID_NORMATIV, ARTIKL_PRODAJA_ID, ARTIKL_NABAVA_ID, UTROSAK)
VALUES ('419', '143', '134', '0.15');
INSERT INTO NORMATIV (ID_NORMATIV, ARTIKL_PRODAJA_ID, ARTIKL_NABAVA_ID, UTROSAK)
VALUES ('422', '144', '88', '0.001');
INSERT INTO NORMATIV (ID_NORMATIV, ARTIKL_PRODAJA_ID, ARTIKL_NABAVA_ID, UTROSAK)
VALUES ('425', '144', '101', '0.1');
INSERT INTO NORMATIV (ID_NORMATIV, ARTIKL_PRODAJA_ID, ARTIKL_NABAVA_ID, UTROSAK)
VALUES ('428', '144', '130', '0.2');
INSERT INTO NORMATIV (ID_NORMATIV, ARTIKL_PRODAJA_ID, ARTIKL_NABAVA_ID, UTROSAK)
VALUES ('430', '145', '92', '0.35');
INSERT INTO NORMATIV (ID_NORMATIV, ARTIKL_PRODAJA_ID, ARTIKL_NABAVA_ID, UTROSAK)
VALUES ('433', '146', '2', '0.03');
INSERT INTO NORMATIV (ID_NORMATIV, ARTIKL_PRODAJA_ID, ARTIKL_NABAVA_ID, UTROSAK)
VALUES ('435', '146', '97', '0.3');
INSERT INTO NORMATIV (ID_NORMATIV, ARTIKL_PRODAJA_ID, ARTIKL_NABAVA_ID, UTROSAK)
VALUES ('438', '146', '143', '0.009');
INSERT INTO NORMATIV (ID_NORMATIV, ARTIKL_PRODAJA_ID, ARTIKL_NABAVA_ID, UTROSAK)
VALUES ('441', '147', '96', '0.06');
INSERT INTO NORMATIV (ID_NORMATIV, ARTIKL_PRODAJA_ID, ARTIKL_NABAVA_ID, UTROSAK)
VALUES ('443', '147', '101', '0.02');
INSERT INTO NORMATIV (ID_NORMATIV, ARTIKL_PRODAJA_ID, ARTIKL_NABAVA_ID, UTROSAK)
VALUES ('446', '147', '148', '0.03');
INSERT INTO NORMATIV (ID_NORMATIV, ARTIKL_PRODAJA_ID, ARTIKL_NABAVA_ID, UTROSAK)
VALUES ('448', '148', '96', '0.06');
INSERT INTO NORMATIV (ID_NORMATIV, ARTIKL_PRODAJA_ID, ARTIKL_NABAVA_ID, UTROSAK)
VALUES ('451', '148', '112', '0.001');
INSERT INTO NORMATIV (ID_NORMATIV, ARTIKL_PRODAJA_ID, ARTIKL_NABAVA_ID, UTROSAK)
VALUES ('453', '148', '148', '0.03');
INSERT INTO NORMATIV (ID_NORMATIV, ARTIKL_PRODAJA_ID, ARTIKL_NABAVA_ID, UTROSAK)
VALUES ('455', '149', '96', '0.06');
INSERT INTO NORMATIV (ID_NORMATIV, ARTIKL_PRODAJA_ID, ARTIKL_NABAVA_ID, UTROSAK)
VALUES ('458', '149', '112', '0.004');
INSERT INTO NORMATIV (ID_NORMATIV, ARTIKL_PRODAJA_ID, ARTIKL_NABAVA_ID, UTROSAK)
VALUES ('460', '149', '144', '0.003');
INSERT INTO NORMATIV (ID_NORMATIV, ARTIKL_PRODAJA_ID, ARTIKL_NABAVA_ID, UTROSAK)
VALUES ('463', '150', '2', '0.03');
INSERT INTO NORMATIV (ID_NORMATIV, ARTIKL_PRODAJA_ID, ARTIKL_NABAVA_ID, UTROSAK)
VALUES ('465', '150', '96', '0.006');
INSERT INTO NORMATIV (ID_NORMATIV, ARTIKL_PRODAJA_ID, ARTIKL_NABAVA_ID, UTROSAK)
VALUES ('468', '150', '112', '0.05');
INSERT INTO NORMATIV (ID_NORMATIV, ARTIKL_PRODAJA_ID, ARTIKL_NABAVA_ID, UTROSAK)
VALUES ('470', '151', '89', '0.0002');
INSERT INTO NORMATIV (ID_NORMATIV, ARTIKL_PRODAJA_ID, ARTIKL_NABAVA_ID, UTROSAK)
VALUES ('473', '151', '101', '0.08');
INSERT INTO NORMATIV (ID_NORMATIV, ARTIKL_PRODAJA_ID, ARTIKL_NABAVA_ID, UTROSAK)
VALUES ('476', '151', '121', '0.25');
INSERT INTO NORMATIV (ID_NORMATIV, ARTIKL_PRODAJA_ID, ARTIKL_NABAVA_ID, UTROSAK)
VALUES ('478', '152', '91', '0.02');
INSERT INTO NORMATIV (ID_NORMATIV, ARTIKL_PRODAJA_ID, ARTIKL_NABAVA_ID, UTROSAK)
VALUES ('481', '152', '101', '0.08');
INSERT INTO NORMATIV (ID_NORMATIV, ARTIKL_PRODAJA_ID, ARTIKL_NABAVA_ID, UTROSAK)
VALUES ('484', '153', '88', '0.005');
INSERT INTO NORMATIV (ID_NORMATIV, ARTIKL_PRODAJA_ID, ARTIKL_NABAVA_ID, UTROSAK)
VALUES ('486', '153', '101', '0.08');
INSERT INTO NORMATIV (ID_NORMATIV, ARTIKL_PRODAJA_ID, ARTIKL_NABAVA_ID, UTROSAK)
VALUES ('489', '154', '97', '0.8');
INSERT INTO NORMATIV (ID_NORMATIV, ARTIKL_PRODAJA_ID, ARTIKL_NABAVA_ID, UTROSAK)
VALUES ('491', '154', '124', '0.2');
INSERT INTO NORMATIV (ID_NORMATIV, ARTIKL_PRODAJA_ID, ARTIKL_NABAVA_ID, UTROSAK)
VALUES ('494', '155', '101', '0.1');
INSERT INTO NORMATIV (ID_NORMATIV, ARTIKL_PRODAJA_ID, ARTIKL_NABAVA_ID, UTROSAK)
VALUES ('1', '1', '1', '0.007');
INSERT INTO NORMATIV (ID_NORMATIV, ARTIKL_PRODAJA_ID, ARTIKL_NABAVA_ID, UTROSAK)
VALUES ('2', '1', '3', '1');
INSERT INTO NORMATIV (ID_NORMATIV, ARTIKL_PRODAJA_ID, ARTIKL_NABAVA_ID, UTROSAK)
VALUES ('3', '2', '1', '0.007');
INSERT INTO NORMATIV (ID_NORMATIV, ARTIKL_PRODAJA_ID, ARTIKL_NABAVA_ID, UTROSAK)
VALUES ('4', '2', '2', '0.05');
INSERT INTO NORMATIV (ID_NORMATIV, ARTIKL_PRODAJA_ID, ARTIKL_NABAVA_ID, UTROSAK)
VALUES ('5', '2', '3', '2');
INSERT INTO NORMATIV (ID_NORMATIV, ARTIKL_PRODAJA_ID, ARTIKL_NABAVA_ID, UTROSAK)
VALUES ('6', '3', '2', '0.05');
INSERT INTO NORMATIV (ID_NORMATIV, ARTIKL_PRODAJA_ID, ARTIKL_NABAVA_ID, UTROSAK)
VALUES ('7', '3', '3', '3');
INSERT INTO NORMATIV (ID_NORMATIV, ARTIKL_PRODAJA_ID, ARTIKL_NABAVA_ID, UTROSAK)
VALUES ('8', '3', '4', '1');
INSERT INTO NORMATIV (ID_NORMATIV, ARTIKL_PRODAJA_ID, ARTIKL_NABAVA_ID, UTROSAK)
VALUES ('9', '4', '3', '2');
INSERT INTO NORMATIV (ID_NORMATIV, ARTIKL_PRODAJA_ID, ARTIKL_NABAVA_ID, UTROSAK)
VALUES ('10', '4', '5', '1');
INSERT INTO NORMATIV (ID_NORMATIV, ARTIKL_PRODAJA_ID, ARTIKL_NABAVA_ID, UTROSAK)
VALUES ('11', '4', '91', '0.015');
INSERT INTO NORMATIV (ID_NORMATIV, ARTIKL_PRODAJA_ID, ARTIKL_NABAVA_ID, UTROSAK)
VALUES ('12', '5', '3', '2');
INSERT INTO NORMATIV (ID_NORMATIV, ARTIKL_PRODAJA_ID, ARTIKL_NABAVA_ID, UTROSAK)
VALUES ('13', '5', '5', '1');
INSERT INTO NORMATIV (ID_NORMATIV, ARTIKL_PRODAJA_ID, ARTIKL_NABAVA_ID, UTROSAK)
VALUES ('14', '5', '90', '1');
INSERT INTO NORMATIV (ID_NORMATIV, ARTIKL_PRODAJA_ID, ARTIKL_NABAVA_ID, UTROSAK)
VALUES ('15', '5', '91', '0.015');
INSERT INTO NORMATIV (ID_NORMATIV, ARTIKL_PRODAJA_ID, ARTIKL_NABAVA_ID, UTROSAK)
VALUES ('16', '6', '1', '0.007');
INSERT INTO NORMATIV (ID_NORMATIV, ARTIKL_PRODAJA_ID, ARTIKL_NABAVA_ID, UTROSAK)
VALUES ('17', '6', '2', '0.15');
INSERT INTO NORMATIV (ID_NORMATIV, ARTIKL_PRODAJA_ID, ARTIKL_NABAVA_ID, UTROSAK)
VALUES ('18', '6', '3', '2');
INSERT INTO NORMATIV (ID_NORMATIV, ARTIKL_PRODAJA_ID, ARTIKL_NABAVA_ID, UTROSAK)
VALUES ('19', '7', '3', '2');
INSERT INTO NORMATIV (ID_NORMATIV, ARTIKL_PRODAJA_ID, ARTIKL_NABAVA_ID, UTROSAK)
VALUES ('20', '7', '9', '1');
INSERT INTO NORMATIV (ID_NORMATIV, ARTIKL_PRODAJA_ID, ARTIKL_NABAVA_ID, UTROSAK)
VALUES ('21', '7', '91', '0.015');
INSERT INTO NORMATIV (ID_NORMATIV, ARTIKL_PRODAJA_ID, ARTIKL_NABAVA_ID, UTROSAK)
VALUES ('22', '8', '3', '2');
INSERT INTO NORMATIV (ID_NORMATIV, ARTIKL_PRODAJA_ID, ARTIKL_NABAVA_ID, UTROSAK)
VALUES ('23', '8', '9', '1');
INSERT INTO NORMATIV (ID_NORMATIV, ARTIKL_PRODAJA_ID, ARTIKL_NABAVA_ID, UTROSAK)
VALUES ('24', '8', '90', '1');
INSERT INTO NORMATIV (ID_NORMATIV, ARTIKL_PRODAJA_ID, ARTIKL_NABAVA_ID, UTROSAK)
VALUES ('25', '8', '91', '0.015');
INSERT INTO NORMATIV (ID_NORMATIV, ARTIKL_PRODAJA_ID, ARTIKL_NABAVA_ID, UTROSAK)
VALUES ('26', '9', '3', '2');
INSERT INTO NORMATIV (ID_NORMATIV, ARTIKL_PRODAJA_ID, ARTIKL_NABAVA_ID, UTROSAK)
VALUES ('27', '9', '8', '1');
INSERT INTO NORMATIV (ID_NORMATIV, ARTIKL_PRODAJA_ID, ARTIKL_NABAVA_ID, UTROSAK)
VALUES ('28', '9', '91', '0.015');
INSERT INTO NORMATIV (ID_NORMATIV, ARTIKL_PRODAJA_ID, ARTIKL_NABAVA_ID, UTROSAK)
VALUES ('29', '10', '3', '2');
INSERT INTO NORMATIV (ID_NORMATIV, ARTIKL_PRODAJA_ID, ARTIKL_NABAVA_ID, UTROSAK)
VALUES ('30', '10', '8', '1');
INSERT INTO NORMATIV (ID_NORMATIV, ARTIKL_PRODAJA_ID, ARTIKL_NABAVA_ID, UTROSAK)
VALUES ('31', '10', '90', '1');
INSERT INTO NORMATIV (ID_NORMATIV, ARTIKL_PRODAJA_ID, ARTIKL_NABAVA_ID, UTROSAK)
VALUES ('32', '10', '91', '0.015');
INSERT INTO NORMATIV (ID_NORMATIV, ARTIKL_PRODAJA_ID, ARTIKL_NABAVA_ID, UTROSAK)
VALUES ('33', '11', '3', '2');
INSERT INTO NORMATIV (ID_NORMATIV, ARTIKL_PRODAJA_ID, ARTIKL_NABAVA_ID, UTROSAK)
VALUES ('34', '11', '6', '1');
INSERT INTO NORMATIV (ID_NORMATIV, ARTIKL_PRODAJA_ID, ARTIKL_NABAVA_ID, UTROSAK)
VALUES ('35', '11', '91', '0.015');
INSERT INTO NORMATIV (ID_NORMATIV, ARTIKL_PRODAJA_ID, ARTIKL_NABAVA_ID, UTROSAK)
VALUES ('36', '12', '3', '2');
INSERT INTO NORMATIV (ID_NORMATIV, ARTIKL_PRODAJA_ID, ARTIKL_NABAVA_ID, UTROSAK)
VALUES ('37', '12', '6', '1');
INSERT INTO NORMATIV (ID_NORMATIV, ARTIKL_PRODAJA_ID, ARTIKL_NABAVA_ID, UTROSAK)
VALUES ('38', '12', '90', '1');
INSERT INTO NORMATIV (ID_NORMATIV, ARTIKL_PRODAJA_ID, ARTIKL_NABAVA_ID, UTROSAK)
VALUES ('39', '12', '91', '0.015');
INSERT INTO NORMATIV (ID_NORMATIV, ARTIKL_PRODAJA_ID, ARTIKL_NABAVA_ID, UTROSAK)
VALUES ('40', '13', '3', '2');
INSERT INTO NORMATIV (ID_NORMATIV, ARTIKL_PRODAJA_ID, ARTIKL_NABAVA_ID, UTROSAK)
VALUES ('41', '13', '7', '1');
INSERT INTO NORMATIV (ID_NORMATIV, ARTIKL_PRODAJA_ID, ARTIKL_NABAVA_ID, UTROSAK)
VALUES ('42', '13', '91', '0.015');
INSERT INTO NORMATIV (ID_NORMATIV, ARTIKL_PRODAJA_ID, ARTIKL_NABAVA_ID, UTROSAK)
VALUES ('43', '14', '3', '2');
INSERT INTO NORMATIV (ID_NORMATIV, ARTIKL_PRODAJA_ID, ARTIKL_NABAVA_ID, UTROSAK)
VALUES ('44', '14', '7', '1');
INSERT INTO NORMATIV (ID_NORMATIV, ARTIKL_PRODAJA_ID, ARTIKL_NABAVA_ID, UTROSAK)
VALUES ('45', '14', '90', '1');
INSERT INTO NORMATIV (ID_NORMATIV, ARTIKL_PRODAJA_ID, ARTIKL_NABAVA_ID, UTROSAK)
VALUES ('46', '14', '91', '0.015');
INSERT INTO NORMATIV (ID_NORMATIV, ARTIKL_PRODAJA_ID, ARTIKL_NABAVA_ID, UTROSAK)
VALUES ('47', '15', '1', '0.007');
INSERT INTO NORMATIV (ID_NORMATIV, ARTIKL_PRODAJA_ID, ARTIKL_NABAVA_ID, UTROSAK)
VALUES ('48', '15', '3', '2');
INSERT INTO NORMATIV (ID_NORMATIV, ARTIKL_PRODAJA_ID, ARTIKL_NABAVA_ID, UTROSAK)
VALUES ('49', '15', '148', '0.01');
INSERT INTO NORMATIV (ID_NORMATIV, ARTIKL_PRODAJA_ID, ARTIKL_NABAVA_ID, UTROSAK)
VALUES ('50', '16', '10', '0.01');
INSERT INTO NORMATIV (ID_NORMATIV, ARTIKL_PRODAJA_ID, ARTIKL_NABAVA_ID, UTROSAK)
VALUES ('51', '17', '11', '1');
INSERT INTO NORMATIV (ID_NORMATIV, ARTIKL_PRODAJA_ID, ARTIKL_NABAVA_ID, UTROSAK)
VALUES ('52', '18', '12', '1');
INSERT INTO NORMATIV (ID_NORMATIV, ARTIKL_PRODAJA_ID, ARTIKL_NABAVA_ID, UTROSAK)
VALUES ('53', '19', '13', '1');
INSERT INTO NORMATIV (ID_NORMATIV, ARTIKL_PRODAJA_ID, ARTIKL_NABAVA_ID, UTROSAK)
VALUES ('54', '20', '14', '1');
INSERT INTO NORMATIV (ID_NORMATIV, ARTIKL_PRODAJA_ID, ARTIKL_NABAVA_ID, UTROSAK)
VALUES ('55', '21', '15', '1');
INSERT INTO NORMATIV (ID_NORMATIV, ARTIKL_PRODAJA_ID, ARTIKL_NABAVA_ID, UTROSAK)
VALUES ('56', '22', '16', '1');
INSERT INTO NORMATIV (ID_NORMATIV, ARTIKL_PRODAJA_ID, ARTIKL_NABAVA_ID, UTROSAK)
VALUES ('57', '23', '17', '1');
INSERT INTO NORMATIV (ID_NORMATIV, ARTIKL_PRODAJA_ID, ARTIKL_NABAVA_ID, UTROSAK)
VALUES ('58', '24', '18', '1');
INSERT INTO NORMATIV (ID_NORMATIV, ARTIKL_PRODAJA_ID, ARTIKL_NABAVA_ID, UTROSAK)
VALUES ('59', '25', '19', '1');
INSERT INTO NORMATIV (ID_NORMATIV, ARTIKL_PRODAJA_ID, ARTIKL_NABAVA_ID, UTROSAK)
VALUES ('60', '26', '20', '1');
INSERT INTO NORMATIV (ID_NORMATIV, ARTIKL_PRODAJA_ID, ARTIKL_NABAVA_ID, UTROSAK)
VALUES ('61', '27', '21', '1');
INSERT INTO NORMATIV (ID_NORMATIV, ARTIKL_PRODAJA_ID, ARTIKL_NABAVA_ID, UTROSAK)
VALUES ('62', '28', '22', '1');
INSERT INTO NORMATIV (ID_NORMATIV, ARTIKL_PRODAJA_ID, ARTIKL_NABAVA_ID, UTROSAK)
VALUES ('63', '29', '23', '1');
INSERT INTO NORMATIV (ID_NORMATIV, ARTIKL_PRODAJA_ID, ARTIKL_NABAVA_ID, UTROSAK)
VALUES ('64', '30', '91', '0.1');
INSERT INTO NORMATIV (ID_NORMATIV, ARTIKL_PRODAJA_ID, ARTIKL_NABAVA_ID, UTROSAK)
VALUES ('65', '30', '151', '0.35');
INSERT INTO NORMATIV (ID_NORMATIV, ARTIKL_PRODAJA_ID, ARTIKL_NABAVA_ID, UTROSAK)
VALUES ('66', '31', '91', '0.1');
INSERT INTO NORMATIV (ID_NORMATIV, ARTIKL_PRODAJA_ID, ARTIKL_NABAVA_ID, UTROSAK)
VALUES ('67', '32', '24', '1');
INSERT INTO NORMATIV (ID_NORMATIV, ARTIKL_PRODAJA_ID, ARTIKL_NABAVA_ID, UTROSAK)
VALUES ('68', '33', '25', '1');
INSERT INTO NORMATIV (ID_NORMATIV, ARTIKL_PRODAJA_ID, ARTIKL_NABAVA_ID, UTROSAK)
VALUES ('69', '34', '26', '1');
INSERT INTO NORMATIV (ID_NORMATIV, ARTIKL_PRODAJA_ID, ARTIKL_NABAVA_ID, UTROSAK)
VALUES ('70', '35', '27', '1');
INSERT INTO NORMATIV (ID_NORMATIV, ARTIKL_PRODAJA_ID, ARTIKL_NABAVA_ID, UTROSAK)
VALUES ('71', '36', '28', '1');
INSERT INTO NORMATIV (ID_NORMATIV, ARTIKL_PRODAJA_ID, ARTIKL_NABAVA_ID, UTROSAK)
VALUES ('72', '37', '30', '1');
INSERT INTO NORMATIV (ID_NORMATIV, ARTIKL_PRODAJA_ID, ARTIKL_NABAVA_ID, UTROSAK)
VALUES ('73', '38', '31', '1');
INSERT INTO NORMATIV (ID_NORMATIV, ARTIKL_PRODAJA_ID, ARTIKL_NABAVA_ID, UTROSAK)
VALUES ('74', '39', '33', '1');
INSERT INTO NORMATIV (ID_NORMATIV, ARTIKL_PRODAJA_ID, ARTIKL_NABAVA_ID, UTROSAK)
VALUES ('75', '40', '34', '1');
INSERT INTO NORMATIV (ID_NORMATIV, ARTIKL_PRODAJA_ID, ARTIKL_NABAVA_ID, UTROSAK)
VALUES ('76', '41', '35', '1');
INSERT INTO NORMATIV (ID_NORMATIV, ARTIKL_PRODAJA_ID, ARTIKL_NABAVA_ID, UTROSAK)
VALUES ('77', '42', '36', '1');
INSERT INTO NORMATIV (ID_NORMATIV, ARTIKL_PRODAJA_ID, ARTIKL_NABAVA_ID, UTROSAK)
VALUES ('78', '43', '37', '1');
INSERT INTO NORMATIV (ID_NORMATIV, ARTIKL_PRODAJA_ID, ARTIKL_NABAVA_ID, UTROSAK)
VALUES ('79', '44', '38', '1');
INSERT INTO NORMATIV (ID_NORMATIV, ARTIKL_PRODAJA_ID, ARTIKL_NABAVA_ID, UTROSAK)
VALUES ('80', '45', '39', '1');
INSERT INTO NORMATIV (ID_NORMATIV, ARTIKL_PRODAJA_ID, ARTIKL_NABAVA_ID, UTROSAK)
VALUES ('81', '46', '40', '1');
INSERT INTO NORMATIV (ID_NORMATIV, ARTIKL_PRODAJA_ID, ARTIKL_NABAVA_ID, UTROSAK)
VALUES ('82', '47', '41', '1');
INSERT INTO NORMATIV (ID_NORMATIV, ARTIKL_PRODAJA_ID, ARTIKL_NABAVA_ID, UTROSAK)
VALUES ('83', '48', '43', '1');
INSERT INTO NORMATIV (ID_NORMATIV, ARTIKL_PRODAJA_ID, ARTIKL_NABAVA_ID, UTROSAK)
VALUES ('84', '49', '20', '0.05');
INSERT INTO NORMATIV (ID_NORMATIV, ARTIKL_PRODAJA_ID, ARTIKL_NABAVA_ID, UTROSAK)
VALUES ('85', '49', '40', '0.15');
INSERT INTO NORMATIV (ID_NORMATIV, ARTIKL_PRODAJA_ID, ARTIKL_NABAVA_ID, UTROSAK)
VALUES ('86', '50', '20', '0.05');
INSERT INTO NORMATIV (ID_NORMATIV, ARTIKL_PRODAJA_ID, ARTIKL_NABAVA_ID, UTROSAK)
VALUES ('87', '50', '41', '0.15');
INSERT INTO NORMATIV (ID_NORMATIV, ARTIKL_PRODAJA_ID, ARTIKL_NABAVA_ID, UTROSAK)
VALUES ('88', '51', '44', '1');
INSERT INTO NORMATIV (ID_NORMATIV, ARTIKL_PRODAJA_ID, ARTIKL_NABAVA_ID, UTROSAK)
VALUES ('89', '52', '45', '1');
INSERT INTO NORMATIV (ID_NORMATIV, ARTIKL_PRODAJA_ID, ARTIKL_NABAVA_ID, UTROSAK)
VALUES ('90', '53', '46', '1');
INSERT INTO NORMATIV (ID_NORMATIV, ARTIKL_PRODAJA_ID, ARTIKL_NABAVA_ID, UTROSAK)
VALUES ('91', '54', '20', '0.05');
INSERT INTO NORMATIV (ID_NORMATIV, ARTIKL_PRODAJA_ID, ARTIKL_NABAVA_ID, UTROSAK)
VALUES ('92', '54', '44', '0.15');
INSERT INTO NORMATIV (ID_NORMATIV, ARTIKL_PRODAJA_ID, ARTIKL_NABAVA_ID, UTROSAK)
VALUES ('93', '55', '48', '1');
INSERT INTO NORMATIV (ID_NORMATIV, ARTIKL_PRODAJA_ID, ARTIKL_NABAVA_ID, UTROSAK)
VALUES ('94', '56', '49', '1');
INSERT INTO NORMATIV (ID_NORMATIV, ARTIKL_PRODAJA_ID, ARTIKL_NABAVA_ID, UTROSAK)
VALUES ('95', '57', '50', '1');
INSERT INTO NORMATIV (ID_NORMATIV, ARTIKL_PRODAJA_ID, ARTIKL_NABAVA_ID, UTROSAK)
VALUES ('96', '58', '51', '1');
INSERT INTO NORMATIV (ID_NORMATIV, ARTIKL_PRODAJA_ID, ARTIKL_NABAVA_ID, UTROSAK)
VALUES ('97', '59', '52', '1');
INSERT INTO NORMATIV (ID_NORMATIV, ARTIKL_PRODAJA_ID, ARTIKL_NABAVA_ID, UTROSAK)
VALUES ('98', '60', '53', '0.03');
INSERT INTO NORMATIV (ID_NORMATIV, ARTIKL_PRODAJA_ID, ARTIKL_NABAVA_ID, UTROSAK)
VALUES ('99', '61', '53', '0.05');
INSERT INTO NORMATIV (ID_NORMATIV, ARTIKL_PRODAJA_ID, ARTIKL_NABAVA_ID, UTROSAK)
VALUES ('100', '62', '54', '0.03');
INSERT INTO NORMATIV (ID_NORMATIV, ARTIKL_PRODAJA_ID, ARTIKL_NABAVA_ID, UTROSAK)
VALUES ('101', '63', '54', '0.05');
INSERT INTO NORMATIV (ID_NORMATIV, ARTIKL_PRODAJA_ID, ARTIKL_NABAVA_ID, UTROSAK)
VALUES ('102', '64', '55', '0.03');
INSERT INTO NORMATIV (ID_NORMATIV, ARTIKL_PRODAJA_ID, ARTIKL_NABAVA_ID, UTROSAK)
VALUES ('103', '65', '55', '0.05');
INSERT INTO NORMATIV (ID_NORMATIV, ARTIKL_PRODAJA_ID, ARTIKL_NABAVA_ID, UTROSAK)
VALUES ('104', '66', '56', '0.03');
INSERT INTO NORMATIV (ID_NORMATIV, ARTIKL_PRODAJA_ID, ARTIKL_NABAVA_ID, UTROSAK)
VALUES ('105', '67', '56', '0.05');
INSERT INTO NORMATIV (ID_NORMATIV, ARTIKL_PRODAJA_ID, ARTIKL_NABAVA_ID, UTROSAK)
VALUES ('106', '68', '57', '0.03');
INSERT INTO NORMATIV (ID_NORMATIV, ARTIKL_PRODAJA_ID, ARTIKL_NABAVA_ID, UTROSAK)
VALUES ('107', '69', '57', '0.05');
INSERT INTO NORMATIV (ID_NORMATIV, ARTIKL_PRODAJA_ID, ARTIKL_NABAVA_ID, UTROSAK)
VALUES ('108', '70', '58', '0.03');
INSERT INTO NORMATIV (ID_NORMATIV, ARTIKL_PRODAJA_ID, ARTIKL_NABAVA_ID, UTROSAK)
VALUES ('109', '71', '58', '0.05');
INSERT INTO NORMATIV (ID_NORMATIV, ARTIKL_PRODAJA_ID, ARTIKL_NABAVA_ID, UTROSAK)
VALUES ('110', '72', '59', '0.03');
INSERT INTO NORMATIV (ID_NORMATIV, ARTIKL_PRODAJA_ID, ARTIKL_NABAVA_ID, UTROSAK)
VALUES ('111', '73', '59', '0.05');
INSERT INTO NORMATIV (ID_NORMATIV, ARTIKL_PRODAJA_ID, ARTIKL_NABAVA_ID, UTROSAK)
VALUES ('112', '74', '60', '0.03');
INSERT INTO NORMATIV (ID_NORMATIV, ARTIKL_PRODAJA_ID, ARTIKL_NABAVA_ID, UTROSAK)
VALUES ('113', '75', '60', '0.05');
INSERT INTO NORMATIV (ID_NORMATIV, ARTIKL_PRODAJA_ID, ARTIKL_NABAVA_ID, UTROSAK)
VALUES ('114', '76', '61', '0.03');
INSERT INTO NORMATIV (ID_NORMATIV, ARTIKL_PRODAJA_ID, ARTIKL_NABAVA_ID, UTROSAK)
VALUES ('115', '77', '61', '0.05');
INSERT INTO NORMATIV (ID_NORMATIV, ARTIKL_PRODAJA_ID, ARTIKL_NABAVA_ID, UTROSAK)
VALUES ('117', '79', '63', '0.03');
INSERT INTO NORMATIV (ID_NORMATIV, ARTIKL_PRODAJA_ID, ARTIKL_NABAVA_ID, UTROSAK)
VALUES ('119', '81', '65', '0.03');
INSERT INTO NORMATIV (ID_NORMATIV, ARTIKL_PRODAJA_ID, ARTIKL_NABAVA_ID, UTROSAK)
VALUES ('120', '82', '66', '0.1');
INSERT INTO NORMATIV (ID_NORMATIV, ARTIKL_PRODAJA_ID, ARTIKL_NABAVA_ID, UTROSAK)
VALUES ('122', '84', '68', '0.03');
INSERT INTO NORMATIV (ID_NORMATIV, ARTIKL_PRODAJA_ID, ARTIKL_NABAVA_ID, UTROSAK)
VALUES ('124', '86', '69', '0.03');
INSERT INTO NORMATIV (ID_NORMATIV, ARTIKL_PRODAJA_ID, ARTIKL_NABAVA_ID, UTROSAK)
VALUES ('126', '88', '70', '0.03');
INSERT INTO NORMATIV (ID_NORMATIV, ARTIKL_PRODAJA_ID, ARTIKL_NABAVA_ID, UTROSAK)
VALUES ('128', '90', '71', '0.03');
INSERT INTO NORMATIV (ID_NORMATIV, ARTIKL_PRODAJA_ID, ARTIKL_NABAVA_ID, UTROSAK)
VALUES ('130', '92', '72', '0.03');
INSERT INTO NORMATIV (ID_NORMATIV, ARTIKL_PRODAJA_ID, ARTIKL_NABAVA_ID, UTROSAK)
VALUES ('132', '94', '73', '0.03');
INSERT INTO NORMATIV (ID_NORMATIV, ARTIKL_PRODAJA_ID, ARTIKL_NABAVA_ID, UTROSAK)
VALUES ('134', '96', '74', '0.05');
INSERT INTO NORMATIV (ID_NORMATIV, ARTIKL_PRODAJA_ID, ARTIKL_NABAVA_ID, UTROSAK)
VALUES ('136', '98', '75', '0.05');
INSERT INTO NORMATIV (ID_NORMATIV, ARTIKL_PRODAJA_ID, ARTIKL_NABAVA_ID, UTROSAK)
VALUES ('138', '100', '76', '0.03');
INSERT INTO NORMATIV (ID_NORMATIV, ARTIKL_PRODAJA_ID, ARTIKL_NABAVA_ID, UTROSAK)
VALUES ('140', '102', '78', '0.03');
INSERT INTO NORMATIV (ID_NORMATIV, ARTIKL_PRODAJA_ID, ARTIKL_NABAVA_ID, UTROSAK)
VALUES ('142', '104', '80', '0.03');
INSERT INTO NORMATIV (ID_NORMATIV, ARTIKL_PRODAJA_ID, ARTIKL_NABAVA_ID, UTROSAK)
VALUES ('143', '105', '81', '0.3');
INSERT INTO NORMATIV (ID_NORMATIV, ARTIKL_PRODAJA_ID, ARTIKL_NABAVA_ID, UTROSAK)
VALUES ('145', '107', '83', '0.07');
INSERT INTO NORMATIV (ID_NORMATIV, ARTIKL_PRODAJA_ID, ARTIKL_NABAVA_ID, UTROSAK)
VALUES ('147', '107', '125', '0.05');
INSERT INTO NORMATIV (ID_NORMATIV, ARTIKL_PRODAJA_ID, ARTIKL_NABAVA_ID, UTROSAK)
VALUES ('149', '108', '85', '0.03');
INSERT INTO NORMATIV (ID_NORMATIV, ARTIKL_PRODAJA_ID, ARTIKL_NABAVA_ID, UTROSAK)
VALUES ('151', '109', '87', '0.01');
INSERT INTO NORMATIV (ID_NORMATIV, ARTIKL_PRODAJA_ID, ARTIKL_NABAVA_ID, UTROSAK)
VALUES ('152', '109', '88', '0.005');
INSERT INTO NORMATIV (ID_NORMATIV, ARTIKL_PRODAJA_ID, ARTIKL_NABAVA_ID, UTROSAK)
VALUES ('154', '109', '96', '0.02');
INSERT INTO NORMATIV (ID_NORMATIV, ARTIKL_PRODAJA_ID, ARTIKL_NABAVA_ID, UTROSAK)
VALUES ('155', '109', '97', '0.2');
INSERT INTO NORMATIV (ID_NORMATIV, ARTIKL_PRODAJA_ID, ARTIKL_NABAVA_ID, UTROSAK)
VALUES ('157', '110', '89', '0.0005');
INSERT INTO NORMATIV (ID_NORMATIV, ARTIKL_PRODAJA_ID, ARTIKL_NABAVA_ID, UTROSAK)
VALUES ('158', '110', '114', '0.01');
INSERT INTO NORMATIV (ID_NORMATIV, ARTIKL_PRODAJA_ID, ARTIKL_NABAVA_ID, UTROSAK)
VALUES ('160', '110', '120', '0.03');
INSERT INTO NORMATIV (ID_NORMATIV, ARTIKL_PRODAJA_ID, ARTIKL_NABAVA_ID, UTROSAK)
VALUES ('161', '111', '40', '0.02');
INSERT INTO NORMATIV (ID_NORMATIV, ARTIKL_PRODAJA_ID, ARTIKL_NABAVA_ID, UTROSAK)
VALUES ('163', '111', '88', '0.006');
INSERT INTO NORMATIV (ID_NORMATIV, ARTIKL_PRODAJA_ID, ARTIKL_NABAVA_ID, UTROSAK)
VALUES ('165', '111', '92', '0.1');
INSERT INTO NORMATIV (ID_NORMATIV, ARTIKL_PRODAJA_ID, ARTIKL_NABAVA_ID, UTROSAK)
VALUES ('167', '111', '94', '0.002');
INSERT INTO NORMATIV (ID_NORMATIV, ARTIKL_PRODAJA_ID, ARTIKL_NABAVA_ID, UTROSAK)
VALUES ('168', '111', '95', '0.01');
INSERT INTO NORMATIV (ID_NORMATIV, ARTIKL_PRODAJA_ID, ARTIKL_NABAVA_ID, UTROSAK)
VALUES ('170', '111', '97', '0.02');
INSERT INTO NORMATIV (ID_NORMATIV, ARTIKL_PRODAJA_ID, ARTIKL_NABAVA_ID, UTROSAK)
VALUES ('171', '111', '98', '0.1');
INSERT INTO NORMATIV (ID_NORMATIV, ARTIKL_PRODAJA_ID, ARTIKL_NABAVA_ID, UTROSAK)
VALUES ('173', '111', '136', '0.2');
INSERT INTO NORMATIV (ID_NORMATIV, ARTIKL_PRODAJA_ID, ARTIKL_NABAVA_ID, UTROSAK)
VALUES ('174', '112', '87', '0.02');
INSERT INTO NORMATIV (ID_NORMATIV, ARTIKL_PRODAJA_ID, ARTIKL_NABAVA_ID, UTROSAK)
VALUES ('176', '112', '89', '0.0001');
INSERT INTO NORMATIV (ID_NORMATIV, ARTIKL_PRODAJA_ID, ARTIKL_NABAVA_ID, UTROSAK)
VALUES ('177', '112', '94', '0.001');
INSERT INTO NORMATIV (ID_NORMATIV, ARTIKL_PRODAJA_ID, ARTIKL_NABAVA_ID, UTROSAK)
VALUES ('178', '112', '95', '0.004');
INSERT INTO NORMATIV (ID_NORMATIV, ARTIKL_PRODAJA_ID, ARTIKL_NABAVA_ID, UTROSAK)
VALUES ('180', '112', '100', '0.1');
INSERT INTO NORMATIV (ID_NORMATIV, ARTIKL_PRODAJA_ID, ARTIKL_NABAVA_ID, UTROSAK)
VALUES ('182', '112', '136', '0.2');
INSERT INTO NORMATIV (ID_NORMATIV, ARTIKL_PRODAJA_ID, ARTIKL_NABAVA_ID, UTROSAK)
VALUES ('184', '113', '88', '0.007');
INSERT INTO NORMATIV (ID_NORMATIV, ARTIKL_PRODAJA_ID, ARTIKL_NABAVA_ID, UTROSAK)
VALUES ('186', '113', '94', '0.001');
INSERT INTO NORMATIV (ID_NORMATIV, ARTIKL_PRODAJA_ID, ARTIKL_NABAVA_ID, UTROSAK)
VALUES ('187', '113', '95', '0.005');
INSERT INTO NORMATIV (ID_NORMATIV, ARTIKL_PRODAJA_ID, ARTIKL_NABAVA_ID, UTROSAK)
VALUES ('188', '113', '99', '0.02');
INSERT INTO NORMATIV (ID_NORMATIV, ARTIKL_PRODAJA_ID, ARTIKL_NABAVA_ID, UTROSAK)
VALUES ('190', '113', '103', '0.1');
INSERT INTO NORMATIV (ID_NORMATIV, ARTIKL_PRODAJA_ID, ARTIKL_NABAVA_ID, UTROSAK)
VALUES ('192', '114', '40', '0.001');
INSERT INTO NORMATIV (ID_NORMATIV, ARTIKL_PRODAJA_ID, ARTIKL_NABAVA_ID, UTROSAK)
VALUES ('193', '114', '87', '0.06');
INSERT INTO NORMATIV (ID_NORMATIV, ARTIKL_PRODAJA_ID, ARTIKL_NABAVA_ID, UTROSAK)
VALUES ('195', '114', '89', '0.0001');
INSERT INTO NORMATIV (ID_NORMATIV, ARTIKL_PRODAJA_ID, ARTIKL_NABAVA_ID, UTROSAK)
VALUES ('196', '114', '91', '0.012');
INSERT INTO NORMATIV (ID_NORMATIV, ARTIKL_PRODAJA_ID, ARTIKL_NABAVA_ID, UTROSAK)
VALUES ('197', '114', '94', '0.001');
INSERT INTO NORMATIV (ID_NORMATIV, ARTIKL_PRODAJA_ID, ARTIKL_NABAVA_ID, UTROSAK)
VALUES ('198', '114', '95', '0.01');
INSERT INTO NORMATIV (ID_NORMATIV, ARTIKL_PRODAJA_ID, ARTIKL_NABAVA_ID, UTROSAK)
VALUES ('200', '114', '99', '0.004');
INSERT INTO NORMATIV (ID_NORMATIV, ARTIKL_PRODAJA_ID, ARTIKL_NABAVA_ID, UTROSAK)
VALUES ('202', '114', '104', '0.002');
INSERT INTO NORMATIV (ID_NORMATIV, ARTIKL_PRODAJA_ID, ARTIKL_NABAVA_ID, UTROSAK)
VALUES ('203', '114', '105', '0.015');
INSERT INTO NORMATIV (ID_NORMATIV, ARTIKL_PRODAJA_ID, ARTIKL_NABAVA_ID, UTROSAK)
VALUES ('205', '114', '107', '0.0001');
INSERT INTO NORMATIV (ID_NORMATIV, ARTIKL_PRODAJA_ID, ARTIKL_NABAVA_ID, UTROSAK)
VALUES ('206', '114', '108', '0.25');
INSERT INTO NORMATIV (ID_NORMATIV, ARTIKL_PRODAJA_ID, ARTIKL_NABAVA_ID, UTROSAK)
VALUES ('208', '115', '40', '0.02');
INSERT INTO NORMATIV (ID_NORMATIV, ARTIKL_PRODAJA_ID, ARTIKL_NABAVA_ID, UTROSAK)
VALUES ('209', '115', '87', '0.02');
INSERT INTO NORMATIV (ID_NORMATIV, ARTIKL_PRODAJA_ID, ARTIKL_NABAVA_ID, UTROSAK)
VALUES ('210', '115', '88', '0.005');
INSERT INTO NORMATIV (ID_NORMATIV, ARTIKL_PRODAJA_ID, ARTIKL_NABAVA_ID, UTROSAK)
VALUES ('212', '115', '92', '0.25');
INSERT INTO NORMATIV (ID_NORMATIV, ARTIKL_PRODAJA_ID, ARTIKL_NABAVA_ID, UTROSAK)
VALUES ('213', '115', '94', '0.001');
INSERT INTO NORMATIV (ID_NORMATIV, ARTIKL_PRODAJA_ID, ARTIKL_NABAVA_ID, UTROSAK)
VALUES ('215', '115', '99', '0.01');
INSERT INTO NORMATIV (ID_NORMATIV, ARTIKL_PRODAJA_ID, ARTIKL_NABAVA_ID, UTROSAK)
VALUES ('216', '115', '101', '0.01');
INSERT INTO NORMATIV (ID_NORMATIV, ARTIKL_PRODAJA_ID, ARTIKL_NABAVA_ID, UTROSAK)
VALUES ('217', '115', '104', '0.004');
INSERT INTO NORMATIV (ID_NORMATIV, ARTIKL_PRODAJA_ID, ARTIKL_NABAVA_ID, UTROSAK)
VALUES ('219', '115', '136', '0.2');
INSERT INTO NORMATIV (ID_NORMATIV, ARTIKL_PRODAJA_ID, ARTIKL_NABAVA_ID, UTROSAK)
VALUES ('221', '116', '89', '0.0001');
INSERT INTO NORMATIV (ID_NORMATIV, ARTIKL_PRODAJA_ID, ARTIKL_NABAVA_ID, UTROSAK)
VALUES ('222', '116', '92', '0.1');
INSERT INTO NORMATIV (ID_NORMATIV, ARTIKL_PRODAJA_ID, ARTIKL_NABAVA_ID, UTROSAK)
VALUES ('224', '116', '95', '0.02');
INSERT INTO NORMATIV (ID_NORMATIV, ARTIKL_PRODAJA_ID, ARTIKL_NABAVA_ID, UTROSAK)
VALUES ('225', '116', '96', '0.01');
INSERT INTO NORMATIV (ID_NORMATIV, ARTIKL_PRODAJA_ID, ARTIKL_NABAVA_ID, UTROSAK)
VALUES ('227', '116', '98', '0.15');
INSERT INTO NORMATIV (ID_NORMATIV, ARTIKL_PRODAJA_ID, ARTIKL_NABAVA_ID, UTROSAK)
VALUES ('228', '116', '99', '0.01');
INSERT INTO NORMATIV (ID_NORMATIV, ARTIKL_PRODAJA_ID, ARTIKL_NABAVA_ID, UTROSAK)
VALUES ('229', '116', '101', '0.01');
INSERT INTO NORMATIV (ID_NORMATIV, ARTIKL_PRODAJA_ID, ARTIKL_NABAVA_ID, UTROSAK)
VALUES ('231', '116', '111', '0.04');
INSERT INTO NORMATIV (ID_NORMATIV, ARTIKL_PRODAJA_ID, ARTIKL_NABAVA_ID, UTROSAK)
VALUES ('233', '116', '136', '0.2');
INSERT INTO NORMATIV (ID_NORMATIV, ARTIKL_PRODAJA_ID, ARTIKL_NABAVA_ID, UTROSAK)
VALUES ('235', '117', '95', '0.005');
INSERT INTO NORMATIV (ID_NORMATIV, ARTIKL_PRODAJA_ID, ARTIKL_NABAVA_ID, UTROSAK)
VALUES ('236', '117', '96', '0.01');
INSERT INTO NORMATIV (ID_NORMATIV, ARTIKL_PRODAJA_ID, ARTIKL_NABAVA_ID, UTROSAK)
VALUES ('238', '117', '101', '0.01');
INSERT INTO NORMATIV (ID_NORMATIV, ARTIKL_PRODAJA_ID, ARTIKL_NABAVA_ID, UTROSAK)
VALUES ('239', '117', '113', '0.25');
INSERT INTO NORMATIV (ID_NORMATIV, ARTIKL_PRODAJA_ID, ARTIKL_NABAVA_ID, UTROSAK)
VALUES ('240', '117', '114', '0.02');
INSERT INTO NORMATIV (ID_NORMATIV, ARTIKL_PRODAJA_ID, ARTIKL_NABAVA_ID, UTROSAK)
VALUES ('242', '117', '120', '0.01');
INSERT INTO NORMATIV (ID_NORMATIV, ARTIKL_PRODAJA_ID, ARTIKL_NABAVA_ID, UTROSAK)
VALUES ('243', '117', '136', '0.2');
INSERT INTO NORMATIV (ID_NORMATIV, ARTIKL_PRODAJA_ID, ARTIKL_NABAVA_ID, UTROSAK)
VALUES ('245', '118', '88', '0.005');
INSERT INTO NORMATIV (ID_NORMATIV, ARTIKL_PRODAJA_ID, ARTIKL_NABAVA_ID, UTROSAK)
VALUES ('246', '118', '89', '0.0001');
INSERT INTO NORMATIV (ID_NORMATIV, ARTIKL_PRODAJA_ID, ARTIKL_NABAVA_ID, UTROSAK)
VALUES ('248', '118', '99', '0.005');
INSERT INTO NORMATIV (ID_NORMATIV, ARTIKL_PRODAJA_ID, ARTIKL_NABAVA_ID, UTROSAK)
VALUES ('249', '118', '101', '0.01');
INSERT INTO NORMATIV (ID_NORMATIV, ARTIKL_PRODAJA_ID, ARTIKL_NABAVA_ID, UTROSAK)
VALUES ('251', '118', '111', '0.004');
INSERT INTO NORMATIV (ID_NORMATIV, ARTIKL_PRODAJA_ID, ARTIKL_NABAVA_ID, UTROSAK)
VALUES ('252', '118', '113', '0.25');
INSERT INTO NORMATIV (ID_NORMATIV, ARTIKL_PRODAJA_ID, ARTIKL_NABAVA_ID, UTROSAK)
VALUES ('254', '118', '141', '0.01');
INSERT INTO NORMATIV (ID_NORMATIV, ARTIKL_PRODAJA_ID, ARTIKL_NABAVA_ID, UTROSAK)
VALUES ('255', '119', '87', '0.1');
INSERT INTO NORMATIV (ID_NORMATIV, ARTIKL_PRODAJA_ID, ARTIKL_NABAVA_ID, UTROSAK)
VALUES ('257', '119', '89', '0.0001');
INSERT INTO NORMATIV (ID_NORMATIV, ARTIKL_PRODAJA_ID, ARTIKL_NABAVA_ID, UTROSAK)
VALUES ('258', '119', '101', '0.008');
INSERT INTO NORMATIV (ID_NORMATIV, ARTIKL_PRODAJA_ID, ARTIKL_NABAVA_ID, UTROSAK)
VALUES ('260', '119', '116', '0.1');
INSERT INTO NORMATIV (ID_NORMATIV, ARTIKL_PRODAJA_ID, ARTIKL_NABAVA_ID, UTROSAK)
VALUES ('262', '120', '98', '0.5');
INSERT INTO NORMATIV (ID_NORMATIV, ARTIKL_PRODAJA_ID, ARTIKL_NABAVA_ID, UTROSAK)
VALUES ('263', '120', '101', '0.08');
INSERT INTO NORMATIV (ID_NORMATIV, ARTIKL_PRODAJA_ID, ARTIKL_NABAVA_ID, UTROSAK)
VALUES ('265', '120', '136', '0.2');
INSERT INTO NORMATIV (ID_NORMATIV, ARTIKL_PRODAJA_ID, ARTIKL_NABAVA_ID, UTROSAK)
VALUES ('266', '121', '98', '0.25');
INSERT INTO NORMATIV (ID_NORMATIV, ARTIKL_PRODAJA_ID, ARTIKL_NABAVA_ID, UTROSAK)
VALUES ('268', '121', '118', '0.3');
INSERT INTO NORMATIV (ID_NORMATIV, ARTIKL_PRODAJA_ID, ARTIKL_NABAVA_ID, UTROSAK)
VALUES ('270', '121', '136', '0.2');
INSERT INTO NORMATIV (ID_NORMATIV, ARTIKL_PRODAJA_ID, ARTIKL_NABAVA_ID, UTROSAK)
VALUES ('271', '122', '87', '0.01');
INSERT INTO NORMATIV (ID_NORMATIV, ARTIKL_PRODAJA_ID, ARTIKL_NABAVA_ID, UTROSAK)
VALUES ('273', '122', '92', '0.1');
INSERT INTO NORMATIV (ID_NORMATIV, ARTIKL_PRODAJA_ID, ARTIKL_NABAVA_ID, UTROSAK)
VALUES ('275', '122', '96', '0.06');
INSERT INTO NORMATIV (ID_NORMATIV, ARTIKL_PRODAJA_ID, ARTIKL_NABAVA_ID, UTROSAK)
VALUES ('276', '122', '98', '0.25');
INSERT INTO NORMATIV (ID_NORMATIV, ARTIKL_PRODAJA_ID, ARTIKL_NABAVA_ID, UTROSAK)
VALUES ('278', '122', '101', '0.01');
INSERT INTO NORMATIV (ID_NORMATIV, ARTIKL_PRODAJA_ID, ARTIKL_NABAVA_ID, UTROSAK)
VALUES ('279', '122', '104', '0.002');
INSERT INTO NORMATIV (ID_NORMATIV, ARTIKL_PRODAJA_ID, ARTIKL_NABAVA_ID, UTROSAK)
VALUES ('280', '122', '105', '0.01');
INSERT INTO NORMATIV (ID_NORMATIV, ARTIKL_PRODAJA_ID, ARTIKL_NABAVA_ID, UTROSAK)
VALUES ('282', '122', '119', '0.4');
INSERT INTO NORMATIV (ID_NORMATIV, ARTIKL_PRODAJA_ID, ARTIKL_NABAVA_ID, UTROSAK)
VALUES ('284', '123', '87', '0.3');
INSERT INTO NORMATIV (ID_NORMATIV, ARTIKL_PRODAJA_ID, ARTIKL_NABAVA_ID, UTROSAK)
VALUES ('285', '123', '88', '0.016');
INSERT INTO NORMATIV (ID_NORMATIV, ARTIKL_PRODAJA_ID, ARTIKL_NABAVA_ID, UTROSAK)
VALUES ('287', '123', '92', '0.33');
INSERT INTO NORMATIV (ID_NORMATIV, ARTIKL_PRODAJA_ID, ARTIKL_NABAVA_ID, UTROSAK)
VALUES ('289', '123', '101', '0.1');
INSERT INTO NORMATIV (ID_NORMATIV, ARTIKL_PRODAJA_ID, ARTIKL_NABAVA_ID, UTROSAK)
VALUES ('291', '123', '113', '0.3');
INSERT INTO NORMATIV (ID_NORMATIV, ARTIKL_PRODAJA_ID, ARTIKL_NABAVA_ID, UTROSAK)
VALUES ('292', '123', '115', '0.2');
INSERT INTO NORMATIV (ID_NORMATIV, ARTIKL_PRODAJA_ID, ARTIKL_NABAVA_ID, UTROSAK)
VALUES ('294', '123', '121', '0.1');
INSERT INTO NORMATIV (ID_NORMATIV, ARTIKL_PRODAJA_ID, ARTIKL_NABAVA_ID, UTROSAK)
VALUES ('296', '124', '88', '0.008');
INSERT INTO NORMATIV (ID_NORMATIV, ARTIKL_PRODAJA_ID, ARTIKL_NABAVA_ID, UTROSAK)
VALUES ('298', '124', '92', '0.17');
INSERT INTO NORMATIV (ID_NORMATIV, ARTIKL_PRODAJA_ID, ARTIKL_NABAVA_ID, UTROSAK)
VALUES ('299', '124', '93', '0.09');
INSERT INTO NORMATIV (ID_NORMATIV, ARTIKL_PRODAJA_ID, ARTIKL_NABAVA_ID, UTROSAK)
VALUES ('300', '124', '101', '0.05');
INSERT INTO NORMATIV (ID_NORMATIV, ARTIKL_PRODAJA_ID, ARTIKL_NABAVA_ID, UTROSAK)
VALUES ('301', '124', '105', '0.04');
INSERT INTO NORMATIV (ID_NORMATIV, ARTIKL_PRODAJA_ID, ARTIKL_NABAVA_ID, UTROSAK)
VALUES ('302', '124', '113', '0.15');
INSERT INTO NORMATIV (ID_NORMATIV, ARTIKL_PRODAJA_ID, ARTIKL_NABAVA_ID, UTROSAK)
VALUES ('303', '124', '116', '0.002');
INSERT INTO NORMATIV (ID_NORMATIV, ARTIKL_PRODAJA_ID, ARTIKL_NABAVA_ID, UTROSAK)
VALUES ('304', '124', '121', '0.05');
INSERT INTO NORMATIV (ID_NORMATIV, ARTIKL_PRODAJA_ID, ARTIKL_NABAVA_ID, UTROSAK)
VALUES ('305', '125', '88', '0.005');
INSERT INTO NORMATIV (ID_NORMATIV, ARTIKL_PRODAJA_ID, ARTIKL_NABAVA_ID, UTROSAK)
VALUES ('306', '125', '101', '0.08');
INSERT INTO NORMATIV (ID_NORMATIV, ARTIKL_PRODAJA_ID, ARTIKL_NABAVA_ID, UTROSAK)
VALUES ('307', '125', '122', '0.3');
INSERT INTO NORMATIV (ID_NORMATIV, ARTIKL_PRODAJA_ID, ARTIKL_NABAVA_ID, UTROSAK)
VALUES ('308', '125', '123', '0.05');
INSERT INTO NORMATIV (ID_NORMATIV, ARTIKL_PRODAJA_ID, ARTIKL_NABAVA_ID, UTROSAK)
VALUES ('309', '125', '124', '0.05');
INSERT INTO NORMATIV (ID_NORMATIV, ARTIKL_PRODAJA_ID, ARTIKL_NABAVA_ID, UTROSAK)
VALUES ('310', '126', '87', '0.15');
INSERT INTO NORMATIV (ID_NORMATIV, ARTIKL_PRODAJA_ID, ARTIKL_NABAVA_ID, UTROSAK)
VALUES ('311', '126', '88', '0.006');
INSERT INTO NORMATIV (ID_NORMATIV, ARTIKL_PRODAJA_ID, ARTIKL_NABAVA_ID, UTROSAK)
VALUES ('312', '126', '89', '0.0001');
INSERT INTO NORMATIV (ID_NORMATIV, ARTIKL_PRODAJA_ID, ARTIKL_NABAVA_ID, UTROSAK)
VALUES ('313', '126', '92', '0.15');
INSERT INTO NORMATIV (ID_NORMATIV, ARTIKL_PRODAJA_ID, ARTIKL_NABAVA_ID, UTROSAK)
VALUES ('314', '126', '93', '0.15');
INSERT INTO NORMATIV (ID_NORMATIV, ARTIKL_PRODAJA_ID, ARTIKL_NABAVA_ID, UTROSAK)
VALUES ('315', '126', '94', '0.015');
INSERT INTO NORMATIV (ID_NORMATIV, ARTIKL_PRODAJA_ID, ARTIKL_NABAVA_ID, UTROSAK)
VALUES ('316', '126', '101', '0.08');
INSERT INTO NORMATIV (ID_NORMATIV, ARTIKL_PRODAJA_ID, ARTIKL_NABAVA_ID, UTROSAK)
VALUES ('317', '126', '123', '0.05');
INSERT INTO NORMATIV (ID_NORMATIV, ARTIKL_PRODAJA_ID, ARTIKL_NABAVA_ID, UTROSAK)
VALUES ('318', '126', '124', '0.05');
INSERT INTO NORMATIV (ID_NORMATIV, ARTIKL_PRODAJA_ID, ARTIKL_NABAVA_ID, UTROSAK)
VALUES ('319', '126', '125', '0.008');
INSERT INTO NORMATIV (ID_NORMATIV, ARTIKL_PRODAJA_ID, ARTIKL_NABAVA_ID, UTROSAK)
VALUES ('320', '127', '87', '0.2');
INSERT INTO NORMATIV (ID_NORMATIV, ARTIKL_PRODAJA_ID, ARTIKL_NABAVA_ID, UTROSAK)
VALUES ('321', '127', '88', '0.007');
INSERT INTO NORMATIV (ID_NORMATIV, ARTIKL_PRODAJA_ID, ARTIKL_NABAVA_ID, UTROSAK)
VALUES ('322', '127', '89', '0.0001');
INSERT INTO NORMATIV (ID_NORMATIV, ARTIKL_PRODAJA_ID, ARTIKL_NABAVA_ID, UTROSAK)
VALUES ('323', '127', '101', '0.1');
INSERT INTO NORMATIV (ID_NORMATIV, ARTIKL_PRODAJA_ID, ARTIKL_NABAVA_ID, UTROSAK)
VALUES ('324', '127', '126', '0.3');
INSERT INTO NORMATIV (ID_NORMATIV, ARTIKL_PRODAJA_ID, ARTIKL_NABAVA_ID, UTROSAK)
VALUES ('325', '128', '87', '0.15');
INSERT INTO NORMATIV (ID_NORMATIV, ARTIKL_PRODAJA_ID, ARTIKL_NABAVA_ID, UTROSAK)
VALUES ('326', '128', '88', '0.008');
INSERT INTO NORMATIV (ID_NORMATIV, ARTIKL_PRODAJA_ID, ARTIKL_NABAVA_ID, UTROSAK)
VALUES ('327', '128', '89', '0.0001');
INSERT INTO NORMATIV (ID_NORMATIV, ARTIKL_PRODAJA_ID, ARTIKL_NABAVA_ID, UTROSAK)
VALUES ('328', '128', '97', '1');
INSERT INTO NORMATIV (ID_NORMATIV, ARTIKL_PRODAJA_ID, ARTIKL_NABAVA_ID, UTROSAK)
VALUES ('329', '128', '101', '0.1');
INSERT INTO NORMATIV (ID_NORMATIV, ARTIKL_PRODAJA_ID, ARTIKL_NABAVA_ID, UTROSAK)
VALUES ('330', '128', '107', '0.01');
INSERT INTO NORMATIV (ID_NORMATIV, ARTIKL_PRODAJA_ID, ARTIKL_NABAVA_ID, UTROSAK)
VALUES ('331', '128', '127', '0.3');
INSERT INTO NORMATIV (ID_NORMATIV, ARTIKL_PRODAJA_ID, ARTIKL_NABAVA_ID, UTROSAK)
VALUES ('332', '128', '128', '0.01');
INSERT INTO NORMATIV (ID_NORMATIV, ARTIKL_PRODAJA_ID, ARTIKL_NABAVA_ID, UTROSAK)
VALUES ('333', '129', '87', '0.15');
INSERT INTO NORMATIV (ID_NORMATIV, ARTIKL_PRODAJA_ID, ARTIKL_NABAVA_ID, UTROSAK)
VALUES ('334', '129', '88', '0.005');
INSERT INTO NORMATIV (ID_NORMATIV, ARTIKL_PRODAJA_ID, ARTIKL_NABAVA_ID, UTROSAK)
VALUES ('335', '129', '89', '0.0001');
INSERT INTO NORMATIV (ID_NORMATIV, ARTIKL_PRODAJA_ID, ARTIKL_NABAVA_ID, UTROSAK)
VALUES ('336', '129', '92', '0.25');
INSERT INTO NORMATIV (ID_NORMATIV, ARTIKL_PRODAJA_ID, ARTIKL_NABAVA_ID, UTROSAK)
VALUES ('337', '129', '101', '0.02');
INSERT INTO NORMATIV (ID_NORMATIV, ARTIKL_PRODAJA_ID, ARTIKL_NABAVA_ID, UTROSAK)
VALUES ('338', '130', '87', '0.15');
INSERT INTO NORMATIV (ID_NORMATIV, ARTIKL_PRODAJA_ID, ARTIKL_NABAVA_ID, UTROSAK)
VALUES ('339', '130', '88', '0.006');
INSERT INTO NORMATIV (ID_NORMATIV, ARTIKL_PRODAJA_ID, ARTIKL_NABAVA_ID, UTROSAK)
VALUES ('340', '130', '89', '0.0001');
INSERT INTO NORMATIV (ID_NORMATIV, ARTIKL_PRODAJA_ID, ARTIKL_NABAVA_ID, UTROSAK)
VALUES ('341', '130', '92', '0.13');
INSERT INTO NORMATIV (ID_NORMATIV, ARTIKL_PRODAJA_ID, ARTIKL_NABAVA_ID, UTROSAK)
VALUES ('342', '130', '93', '0.13');
INSERT INTO NORMATIV (ID_NORMATIV, ARTIKL_PRODAJA_ID, ARTIKL_NABAVA_ID, UTROSAK)
VALUES ('343', '130', '101', '0.02');
INSERT INTO NORMATIV (ID_NORMATIV, ARTIKL_PRODAJA_ID, ARTIKL_NABAVA_ID, UTROSAK)
VALUES ('344', '131', '87', '0.15');
INSERT INTO NORMATIV (ID_NORMATIV, ARTIKL_PRODAJA_ID, ARTIKL_NABAVA_ID, UTROSAK)
VALUES ('345', '131', '88', '0.006');
INSERT INTO NORMATIV (ID_NORMATIV, ARTIKL_PRODAJA_ID, ARTIKL_NABAVA_ID, UTROSAK)
VALUES ('346', '131', '89', '0.0001');
INSERT INTO NORMATIV (ID_NORMATIV, ARTIKL_PRODAJA_ID, ARTIKL_NABAVA_ID, UTROSAK)
VALUES ('347', '131', '92', '0.13');
INSERT INTO NORMATIV (ID_NORMATIV, ARTIKL_PRODAJA_ID, ARTIKL_NABAVA_ID, UTROSAK)
VALUES ('348', '131', '93', '0.13');
INSERT INTO NORMATIV (ID_NORMATIV, ARTIKL_PRODAJA_ID, ARTIKL_NABAVA_ID, UTROSAK)
VALUES ('349', '131', '101', '0.02');
INSERT INTO NORMATIV (ID_NORMATIV, ARTIKL_PRODAJA_ID, ARTIKL_NABAVA_ID, UTROSAK)
VALUES ('350', '131', '125', '0.01');
INSERT INTO NORMATIV (ID_NORMATIV, ARTIKL_PRODAJA_ID, ARTIKL_NABAVA_ID, UTROSAK)
VALUES ('351', '132', '87', '0.15');
INSERT INTO NORMATIV (ID_NORMATIV, ARTIKL_PRODAJA_ID, ARTIKL_NABAVA_ID, UTROSAK)
VALUES ('352', '132', '88', '0.001');
INSERT INTO NORMATIV (ID_NORMATIV, ARTIKL_PRODAJA_ID, ARTIKL_NABAVA_ID, UTROSAK)
VALUES ('353', '132', '101', '0.02');
INSERT INTO NORMATIV (ID_NORMATIV, ARTIKL_PRODAJA_ID, ARTIKL_NABAVA_ID, UTROSAK)
VALUES ('354', '132', '146', '0.25');
INSERT INTO NORMATIV (ID_NORMATIV, ARTIKL_PRODAJA_ID, ARTIKL_NABAVA_ID, UTROSAK)
VALUES ('355', '133', '87', '0.1');
INSERT INTO NORMATIV (ID_NORMATIV, ARTIKL_PRODAJA_ID, ARTIKL_NABAVA_ID, UTROSAK)
VALUES ('356', '133', '88', '0.001');
INSERT INTO NORMATIV (ID_NORMATIV, ARTIKL_PRODAJA_ID, ARTIKL_NABAVA_ID, UTROSAK)
VALUES ('357', '133', '101', '0.02');
INSERT INTO NORMATIV (ID_NORMATIV, ARTIKL_PRODAJA_ID, ARTIKL_NABAVA_ID, UTROSAK)
VALUES ('358', '133', '147', '0.25');
INSERT INTO NORMATIV (ID_NORMATIV, ARTIKL_PRODAJA_ID, ARTIKL_NABAVA_ID, UTROSAK)
VALUES ('359', '134', '88', '0.005');
INSERT INTO NORMATIV (ID_NORMATIV, ARTIKL_PRODAJA_ID, ARTIKL_NABAVA_ID, UTROSAK)
VALUES ('360', '134', '89', '0.0005');
INSERT INTO NORMATIV (ID_NORMATIV, ARTIKL_PRODAJA_ID, ARTIKL_NABAVA_ID, UTROSAK)
VALUES ('361', '134', '101', '0.02');
INSERT INTO NORMATIV (ID_NORMATIV, ARTIKL_PRODAJA_ID, ARTIKL_NABAVA_ID, UTROSAK)
VALUES ('362', '134', '111', '0.1');
INSERT INTO NORMATIV (ID_NORMATIV, ARTIKL_PRODAJA_ID, ARTIKL_NABAVA_ID, UTROSAK)
VALUES ('363', '134', '114', '0.1');
INSERT INTO NORMATIV (ID_NORMATIV, ARTIKL_PRODAJA_ID, ARTIKL_NABAVA_ID, UTROSAK)
VALUES ('364', '134', '115', '0.05');
INSERT INTO NORMATIV (ID_NORMATIV, ARTIKL_PRODAJA_ID, ARTIKL_NABAVA_ID, UTROSAK)
VALUES ('365', '134', '146', '0.25');
INSERT INTO NORMATIV (ID_NORMATIV, ARTIKL_PRODAJA_ID, ARTIKL_NABAVA_ID, UTROSAK)
VALUES ('366', '135', '87', '0.15');
INSERT INTO NORMATIV (ID_NORMATIV, ARTIKL_PRODAJA_ID, ARTIKL_NABAVA_ID, UTROSAK)
VALUES ('367', '135', '88', '0.005');
INSERT INTO NORMATIV (ID_NORMATIV, ARTIKL_PRODAJA_ID, ARTIKL_NABAVA_ID, UTROSAK)
VALUES ('368', '135', '89', '0.0001');
INSERT INTO NORMATIV (ID_NORMATIV, ARTIKL_PRODAJA_ID, ARTIKL_NABAVA_ID, UTROSAK)
VALUES ('369', '135', '101', '0.04');
INSERT INTO NORMATIV (ID_NORMATIV, ARTIKL_PRODAJA_ID, ARTIKL_NABAVA_ID, UTROSAK)
VALUES ('370', '135', '122', '0.3');
INSERT INTO NORMATIV (ID_NORMATIV, ARTIKL_PRODAJA_ID, ARTIKL_NABAVA_ID, UTROSAK)
VALUES ('371', '136', '88', '0.006');
INSERT INTO NORMATIV (ID_NORMATIV, ARTIKL_PRODAJA_ID, ARTIKL_NABAVA_ID, UTROSAK)
VALUES ('372', '136', '91', '0.02');
INSERT INTO NORMATIV (ID_NORMATIV, ARTIKL_PRODAJA_ID, ARTIKL_NABAVA_ID, UTROSAK)
VALUES ('373', '136', '96', '0.02');
INSERT INTO NORMATIV (ID_NORMATIV, ARTIKL_PRODAJA_ID, ARTIKL_NABAVA_ID, UTROSAK)
VALUES ('374', '136', '97', '0.8');
INSERT INTO NORMATIV (ID_NORMATIV, ARTIKL_PRODAJA_ID, ARTIKL_NABAVA_ID, UTROSAK)
VALUES ('375', '136', '101', '0.08');
INSERT INTO NORMATIV (ID_NORMATIV, ARTIKL_PRODAJA_ID, ARTIKL_NABAVA_ID, UTROSAK)
VALUES ('376', '136', '122', '0.3');
INSERT INTO NORMATIV (ID_NORMATIV, ARTIKL_PRODAJA_ID, ARTIKL_NABAVA_ID, UTROSAK)
VALUES ('377', '136', '123', '0.05');
INSERT INTO NORMATIV (ID_NORMATIV, ARTIKL_PRODAJA_ID, ARTIKL_NABAVA_ID, UTROSAK)
VALUES ('378', '136', '124', '0.05');
INSERT INTO NORMATIV (ID_NORMATIV, ARTIKL_PRODAJA_ID, ARTIKL_NABAVA_ID, UTROSAK)
VALUES ('379', '136', '129', '0.03');
INSERT INTO NORMATIV (ID_NORMATIV, ARTIKL_PRODAJA_ID, ARTIKL_NABAVA_ID, UTROSAK)
VALUES ('380', '137', '88', '0.002');
INSERT INTO NORMATIV (ID_NORMATIV, ARTIKL_PRODAJA_ID, ARTIKL_NABAVA_ID, UTROSAK)
VALUES ('381', '137', '91', '0.05');
INSERT INTO NORMATIV (ID_NORMATIV, ARTIKL_PRODAJA_ID, ARTIKL_NABAVA_ID, UTROSAK)
VALUES ('382', '137', '96', '0.02');
INSERT INTO NORMATIV (ID_NORMATIV, ARTIKL_PRODAJA_ID, ARTIKL_NABAVA_ID, UTROSAK)
VALUES ('383', '137', '97', '0.05');
INSERT INTO NORMATIV (ID_NORMATIV, ARTIKL_PRODAJA_ID, ARTIKL_NABAVA_ID, UTROSAK)
VALUES ('384', '137', '101', '0.08');
INSERT INTO NORMATIV (ID_NORMATIV, ARTIKL_PRODAJA_ID, ARTIKL_NABAVA_ID, UTROSAK)
VALUES ('385', '137', '122', '0.3');
INSERT INTO NORMATIV (ID_NORMATIV, ARTIKL_PRODAJA_ID, ARTIKL_NABAVA_ID, UTROSAK)
VALUES ('386', '137', '129', '0.025');
INSERT INTO NORMATIV (ID_NORMATIV, ARTIKL_PRODAJA_ID, ARTIKL_NABAVA_ID, UTROSAK)
VALUES ('387', '138', '40', '0.001');
INSERT INTO NORMATIV (ID_NORMATIV, ARTIKL_PRODAJA_ID, ARTIKL_NABAVA_ID, UTROSAK)
VALUES ('388', '138', '85', '0.001');
INSERT INTO NORMATIV (ID_NORMATIV, ARTIKL_PRODAJA_ID, ARTIKL_NABAVA_ID, UTROSAK)
VALUES ('389', '138', '88', '0.002');
INSERT INTO NORMATIV (ID_NORMATIV, ARTIKL_PRODAJA_ID, ARTIKL_NABAVA_ID, UTROSAK)
VALUES ('390', '138', '96', '0.001');
INSERT INTO NORMATIV (ID_NORMATIV, ARTIKL_PRODAJA_ID, ARTIKL_NABAVA_ID, UTROSAK)
VALUES ('392', '138', '101', '0.011');
INSERT INTO NORMATIV (ID_NORMATIV, ARTIKL_PRODAJA_ID, ARTIKL_NABAVA_ID, UTROSAK)
VALUES ('394', '138', '107', '0.001');
INSERT INTO NORMATIV (ID_NORMATIV, ARTIKL_PRODAJA_ID, ARTIKL_NABAVA_ID, UTROSAK)
VALUES ('395', '138', '129', '0.03');
INSERT INTO NORMATIV (ID_NORMATIV, ARTIKL_PRODAJA_ID, ARTIKL_NABAVA_ID, UTROSAK)
VALUES ('397', '139', '40', '0.001');
INSERT INTO NORMATIV (ID_NORMATIV, ARTIKL_PRODAJA_ID, ARTIKL_NABAVA_ID, UTROSAK)
VALUES ('398', '139', '85', '0.001');
INSERT INTO NORMATIV (ID_NORMATIV, ARTIKL_PRODAJA_ID, ARTIKL_NABAVA_ID, UTROSAK)
VALUES ('399', '139', '88', '0.002');
INSERT INTO NORMATIV (ID_NORMATIV, ARTIKL_PRODAJA_ID, ARTIKL_NABAVA_ID, UTROSAK)
VALUES ('400', '139', '96', '0.01');
INSERT INTO NORMATIV (ID_NORMATIV, ARTIKL_PRODAJA_ID, ARTIKL_NABAVA_ID, UTROSAK)
VALUES ('402', '139', '101', '0.011');
INSERT INTO NORMATIV (ID_NORMATIV, ARTIKL_PRODAJA_ID, ARTIKL_NABAVA_ID, UTROSAK)
VALUES ('404', '139', '107', '0.001');
INSERT INTO NORMATIV (ID_NORMATIV, ARTIKL_PRODAJA_ID, ARTIKL_NABAVA_ID, UTROSAK)
VALUES ('405', '139', '130', '0.35');
INSERT INTO NORMATIV (ID_NORMATIV, ARTIKL_PRODAJA_ID, ARTIKL_NABAVA_ID, UTROSAK)
VALUES ('407', '140', '101', '0.08');
INSERT INTO NORMATIV (ID_NORMATIV, ARTIKL_PRODAJA_ID, ARTIKL_NABAVA_ID, UTROSAK)
VALUES ('409', '140', '130', '0.35');
INSERT INTO NORMATIV (ID_NORMATIV, ARTIKL_PRODAJA_ID, ARTIKL_NABAVA_ID, UTROSAK)
VALUES ('410', '141', '88', '0.01');
INSERT INTO NORMATIV (ID_NORMATIV, ARTIKL_PRODAJA_ID, ARTIKL_NABAVA_ID, UTROSAK)
VALUES ('412', '141', '133', '1');
INSERT INTO NORMATIV (ID_NORMATIV, ARTIKL_PRODAJA_ID, ARTIKL_NABAVA_ID, UTROSAK)
VALUES ('413', '142', '101', '0.15');
INSERT INTO NORMATIV (ID_NORMATIV, ARTIKL_PRODAJA_ID, ARTIKL_NABAVA_ID, UTROSAK)
VALUES ('415', '143', '88', '0.008');
INSERT INTO NORMATIV (ID_NORMATIV, ARTIKL_PRODAJA_ID, ARTIKL_NABAVA_ID, UTROSAK)
VALUES ('416', '143', '95', '0.01');
INSERT INTO NORMATIV (ID_NORMATIV, ARTIKL_PRODAJA_ID, ARTIKL_NABAVA_ID, UTROSAK)
VALUES ('418', '143', '104', '0.005');
INSERT INTO NORMATIV (ID_NORMATIV, ARTIKL_PRODAJA_ID, ARTIKL_NABAVA_ID, UTROSAK)
VALUES ('420', '143', '135', '0.008');
INSERT INTO NORMATIV (ID_NORMATIV, ARTIKL_PRODAJA_ID, ARTIKL_NABAVA_ID, UTROSAK)
VALUES ('421', '144', '40', '0.01');
INSERT INTO NORMATIV (ID_NORMATIV, ARTIKL_PRODAJA_ID, ARTIKL_NABAVA_ID, UTROSAK)
VALUES ('423', '144', '89', '0.001');
INSERT INTO NORMATIV (ID_NORMATIV, ARTIKL_PRODAJA_ID, ARTIKL_NABAVA_ID, UTROSAK)
VALUES ('424', '144', '91', '0.02');
INSERT INTO NORMATIV (ID_NORMATIV, ARTIKL_PRODAJA_ID, ARTIKL_NABAVA_ID, UTROSAK)
VALUES ('426', '144', '104', '0.05');
INSERT INTO NORMATIV (ID_NORMATIV, ARTIKL_PRODAJA_ID, ARTIKL_NABAVA_ID, UTROSAK)
VALUES ('427', '144', '111', '0.04');
INSERT INTO NORMATIV (ID_NORMATIV, ARTIKL_PRODAJA_ID, ARTIKL_NABAVA_ID, UTROSAK)
VALUES ('429', '145', '88', '0.007');
INSERT INTO NORMATIV (ID_NORMATIV, ARTIKL_PRODAJA_ID, ARTIKL_NABAVA_ID, UTROSAK)
VALUES ('431', '145', '98', '0.5');
INSERT INTO NORMATIV (ID_NORMATIV, ARTIKL_PRODAJA_ID, ARTIKL_NABAVA_ID, UTROSAK)
VALUES ('432', '145', '101', '0.08');
INSERT INTO NORMATIV (ID_NORMATIV, ARTIKL_PRODAJA_ID, ARTIKL_NABAVA_ID, UTROSAK)
VALUES ('434', '146', '96', '0.06');
INSERT INTO NORMATIV (ID_NORMATIV, ARTIKL_PRODAJA_ID, ARTIKL_NABAVA_ID, UTROSAK)
VALUES ('436', '146', '101', '0.02');
INSERT INTO NORMATIV (ID_NORMATIV, ARTIKL_PRODAJA_ID, ARTIKL_NABAVA_ID, UTROSAK)
VALUES ('437', '146', '112', '0.02');
INSERT INTO NORMATIV (ID_NORMATIV, ARTIKL_PRODAJA_ID, ARTIKL_NABAVA_ID, UTROSAK)
VALUES ('439', '146', '148', '0.03');
INSERT INTO NORMATIV (ID_NORMATIV, ARTIKL_PRODAJA_ID, ARTIKL_NABAVA_ID, UTROSAK)
VALUES ('440', '147', '2', '0.03');
INSERT INTO NORMATIV (ID_NORMATIV, ARTIKL_PRODAJA_ID, ARTIKL_NABAVA_ID, UTROSAK)
VALUES ('442', '147', '97', '0.3');
INSERT INTO NORMATIV (ID_NORMATIV, ARTIKL_PRODAJA_ID, ARTIKL_NABAVA_ID, UTROSAK)
VALUES ('444', '147', '112', '0.001');
INSERT INTO NORMATIV (ID_NORMATIV, ARTIKL_PRODAJA_ID, ARTIKL_NABAVA_ID, UTROSAK)
VALUES ('445', '147', '145', '0.05');
INSERT INTO NORMATIV (ID_NORMATIV, ARTIKL_PRODAJA_ID, ARTIKL_NABAVA_ID, UTROSAK)
VALUES ('447', '148', '2', '0.03');
INSERT INTO NORMATIV (ID_NORMATIV, ARTIKL_PRODAJA_ID, ARTIKL_NABAVA_ID, UTROSAK)
VALUES ('449', '148', '97', '0.3');
INSERT INTO NORMATIV (ID_NORMATIV, ARTIKL_PRODAJA_ID, ARTIKL_NABAVA_ID, UTROSAK)
VALUES ('450', '148', '101', '0.02');
INSERT INTO NORMATIV (ID_NORMATIV, ARTIKL_PRODAJA_ID, ARTIKL_NABAVA_ID, UTROSAK)
VALUES ('452', '148', '144', '0.03');
INSERT INTO NORMATIV (ID_NORMATIV, ARTIKL_PRODAJA_ID, ARTIKL_NABAVA_ID, UTROSAK)
VALUES ('454', '149', '2', '0.03');
INSERT INTO NORMATIV (ID_NORMATIV, ARTIKL_PRODAJA_ID, ARTIKL_NABAVA_ID, UTROSAK)
VALUES ('456', '149', '97', '0.004');
INSERT INTO NORMATIV (ID_NORMATIV, ARTIKL_PRODAJA_ID, ARTIKL_NABAVA_ID, UTROSAK)
VALUES ('457', '149', '101', '0.02');
INSERT INTO NORMATIV (ID_NORMATIV, ARTIKL_PRODAJA_ID, ARTIKL_NABAVA_ID, UTROSAK)
VALUES ('459', '149', '143', '0.005');
INSERT INTO NORMATIV (ID_NORMATIV, ARTIKL_PRODAJA_ID, ARTIKL_NABAVA_ID, UTROSAK)
VALUES ('461', '149', '145', '0.003');
INSERT INTO NORMATIV (ID_NORMATIV, ARTIKL_PRODAJA_ID, ARTIKL_NABAVA_ID, UTROSAK)
VALUES ('462', '149', '148', '0.03');
INSERT INTO NORMATIV (ID_NORMATIV, ARTIKL_PRODAJA_ID, ARTIKL_NABAVA_ID, UTROSAK)
VALUES ('464', '150', '40', '0.1');
INSERT INTO NORMATIV (ID_NORMATIV, ARTIKL_PRODAJA_ID, ARTIKL_NABAVA_ID, UTROSAK)
VALUES ('466', '150', '97', '3');
INSERT INTO NORMATIV (ID_NORMATIV, ARTIKL_PRODAJA_ID, ARTIKL_NABAVA_ID, UTROSAK)
VALUES ('467', '150', '101', '0.02');
INSERT INTO NORMATIV (ID_NORMATIV, ARTIKL_PRODAJA_ID, ARTIKL_NABAVA_ID, UTROSAK)
VALUES ('469', '151', '88', '0.005');
INSERT INTO NORMATIV (ID_NORMATIV, ARTIKL_PRODAJA_ID, ARTIKL_NABAVA_ID, UTROSAK)
VALUES ('471', '151', '94', '0.002');
INSERT INTO NORMATIV (ID_NORMATIV, ARTIKL_PRODAJA_ID, ARTIKL_NABAVA_ID, UTROSAK)
VALUES ('472', '151', '98', '0.15');
INSERT INTO NORMATIV (ID_NORMATIV, ARTIKL_PRODAJA_ID, ARTIKL_NABAVA_ID, UTROSAK)
VALUES ('474', '151', '104', '0.015');
INSERT INTO NORMATIV (ID_NORMATIV, ARTIKL_PRODAJA_ID, ARTIKL_NABAVA_ID, UTROSAK)
VALUES ('475', '151', '119', '0.15');
INSERT INTO NORMATIV (ID_NORMATIV, ARTIKL_PRODAJA_ID, ARTIKL_NABAVA_ID, UTROSAK)
VALUES ('477', '152', '88', '0.007');
INSERT INTO NORMATIV (ID_NORMATIV, ARTIKL_PRODAJA_ID, ARTIKL_NABAVA_ID, UTROSAK)
VALUES ('479', '152', '96', '0.025');
INSERT INTO NORMATIV (ID_NORMATIV, ARTIKL_PRODAJA_ID, ARTIKL_NABAVA_ID, UTROSAK)
VALUES ('480', '152', '97', '0.5');
INSERT INTO NORMATIV (ID_NORMATIV, ARTIKL_PRODAJA_ID, ARTIKL_NABAVA_ID, UTROSAK)
VALUES ('482', '152', '122', '0.25');
INSERT INTO NORMATIV (ID_NORMATIV, ARTIKL_PRODAJA_ID, ARTIKL_NABAVA_ID, UTROSAK)
VALUES ('483', '153', '87', '0.15');
INSERT INTO NORMATIV (ID_NORMATIV, ARTIKL_PRODAJA_ID, ARTIKL_NABAVA_ID, UTROSAK)
VALUES ('485', '153', '89', '0.0001');
INSERT INTO NORMATIV (ID_NORMATIV, ARTIKL_PRODAJA_ID, ARTIKL_NABAVA_ID, UTROSAK)
VALUES ('487', '153', '113', '0.25');
INSERT INTO NORMATIV (ID_NORMATIV, ARTIKL_PRODAJA_ID, ARTIKL_NABAVA_ID, UTROSAK)
VALUES ('488', '154', '88', '0.006');
INSERT INTO NORMATIV (ID_NORMATIV, ARTIKL_PRODAJA_ID, ARTIKL_NABAVA_ID, UTROSAK)
VALUES ('490', '154', '101', '0.08');
INSERT INTO NORMATIV (ID_NORMATIV, ARTIKL_PRODAJA_ID, ARTIKL_NABAVA_ID, UTROSAK)
VALUES ('492', '154', '129', '0.03');
INSERT INTO NORMATIV (ID_NORMATIV, ARTIKL_PRODAJA_ID, ARTIKL_NABAVA_ID, UTROSAK)
VALUES ('493', '155', '88', '0.005');
INSERT INTO NORMATIV (ID_NORMATIV, ARTIKL_PRODAJA_ID, ARTIKL_NABAVA_ID, UTROSAK)
VALUES ('495', '155', '150', '0.5');
INSERT INTO NORMATIV (ID_NORMATIV, ARTIKL_PRODAJA_ID, ARTIKL_NABAVA_ID, UTROSAK)
VALUES ('496', '155', '159', '0.5');
INSERT INTO NORMATIV (ID_NORMATIV, ARTIKL_PRODAJA_ID, ARTIKL_NABAVA_ID, UTROSAK)
VALUES ('498', '156', '88', '0.01');
INSERT INTO NORMATIV (ID_NORMATIV, ARTIKL_PRODAJA_ID, ARTIKL_NABAVA_ID, UTROSAK)
VALUES ('499', '156', '89', '0.01');
INSERT INTO NORMATIV (ID_NORMATIV, ARTIKL_PRODAJA_ID, ARTIKL_NABAVA_ID, UTROSAK)
VALUES ('500', '156', '98', '0.25');
INSERT INTO NORMATIV (ID_NORMATIV, ARTIKL_PRODAJA_ID, ARTIKL_NABAVA_ID, UTROSAK)
VALUES ('501', '156', '101', '0.01');
INSERT INTO NORMATIV (ID_NORMATIV, ARTIKL_PRODAJA_ID, ARTIKL_NABAVA_ID, UTROSAK)
VALUES ('502', '156', '139', '0.01');
INSERT INTO NORMATIV (ID_NORMATIV, ARTIKL_PRODAJA_ID, ARTIKL_NABAVA_ID, UTROSAK)
VALUES ('504', '157', '40', '0.02');
INSERT INTO NORMATIV (ID_NORMATIV, ARTIKL_PRODAJA_ID, ARTIKL_NABAVA_ID, UTROSAK)
VALUES ('505', '157', '87', '0.02');
INSERT INTO NORMATIV (ID_NORMATIV, ARTIKL_PRODAJA_ID, ARTIKL_NABAVA_ID, UTROSAK)
VALUES ('507', '157', '89', '0.0005');
INSERT INTO NORMATIV (ID_NORMATIV, ARTIKL_PRODAJA_ID, ARTIKL_NABAVA_ID, UTROSAK)
VALUES ('508', '157', '94', '0.001');
INSERT INTO NORMATIV (ID_NORMATIV, ARTIKL_PRODAJA_ID, ARTIKL_NABAVA_ID, UTROSAK)
VALUES ('510', '157', '99', '0.02');
INSERT INTO NORMATIV (ID_NORMATIV, ARTIKL_PRODAJA_ID, ARTIKL_NABAVA_ID, UTROSAK)
VALUES ('511', '157', '101', '0.1');
INSERT INTO NORMATIV (ID_NORMATIV, ARTIKL_PRODAJA_ID, ARTIKL_NABAVA_ID, UTROSAK)
VALUES ('513', '157', '109', '0.02');
INSERT INTO NORMATIV (ID_NORMATIV, ARTIKL_PRODAJA_ID, ARTIKL_NABAVA_ID, UTROSAK)
VALUES ('514', '157', '154', '0.35');
INSERT INTO NORMATIV (ID_NORMATIV, ARTIKL_PRODAJA_ID, ARTIKL_NABAVA_ID, UTROSAK)
VALUES ('516', '159', '88', '0.002');
INSERT INTO NORMATIV (ID_NORMATIV, ARTIKL_PRODAJA_ID, ARTIKL_NABAVA_ID, UTROSAK)
VALUES ('517', '159', '91', '0.05');
INSERT INTO NORMATIV (ID_NORMATIV, ARTIKL_PRODAJA_ID, ARTIKL_NABAVA_ID, UTROSAK)
VALUES ('518', '159', '96', '0.02');
INSERT INTO NORMATIV (ID_NORMATIV, ARTIKL_PRODAJA_ID, ARTIKL_NABAVA_ID, UTROSAK)
VALUES ('520', '159', '101', '0.08');
INSERT INTO NORMATIV (ID_NORMATIV, ARTIKL_PRODAJA_ID, ARTIKL_NABAVA_ID, UTROSAK)
VALUES ('522', '159', '146', '0.3');
INSERT INTO NORMATIV (ID_NORMATIV, ARTIKL_PRODAJA_ID, ARTIKL_NABAVA_ID, UTROSAK)
VALUES ('523', '160', '88', '0.002');
INSERT INTO NORMATIV (ID_NORMATIV, ARTIKL_PRODAJA_ID, ARTIKL_NABAVA_ID, UTROSAK)
VALUES ('525', '160', '96', '0.02');
INSERT INTO NORMATIV (ID_NORMATIV, ARTIKL_PRODAJA_ID, ARTIKL_NABAVA_ID, UTROSAK)
VALUES ('527', '160', '101', '0.08');
INSERT INTO NORMATIV (ID_NORMATIV, ARTIKL_PRODAJA_ID, ARTIKL_NABAVA_ID, UTROSAK)
VALUES ('528', '160', '129', '0.025');
INSERT INTO NORMATIV (ID_NORMATIV, ARTIKL_PRODAJA_ID, ARTIKL_NABAVA_ID, UTROSAK)
VALUES ('530', '161', '84', '0.03');
INSERT INTO NORMATIV (ID_NORMATIV, ARTIKL_PRODAJA_ID, ARTIKL_NABAVA_ID, UTROSAK)
VALUES ('532', '161', '157', '0.1');
INSERT INTO NORMATIV (ID_NORMATIV, ARTIKL_PRODAJA_ID, ARTIKL_NABAVA_ID, UTROSAK)
VALUES ('534', '162', '98', '0.25');
INSERT INTO NORMATIV (ID_NORMATIV, ARTIKL_PRODAJA_ID, ARTIKL_NABAVA_ID, UTROSAK)
VALUES ('535', '162', '101', '0.008');
INSERT INTO NORMATIV (ID_NORMATIV, ARTIKL_PRODAJA_ID, ARTIKL_NABAVA_ID, UTROSAK)
VALUES ('536', '162', '119', '0.25');
INSERT INTO NORMATIV (ID_NORMATIV, ARTIKL_PRODAJA_ID, ARTIKL_NABAVA_ID, UTROSAK)
VALUES ('538', '163', '88', '0.005');
INSERT INTO NORMATIV (ID_NORMATIV, ARTIKL_PRODAJA_ID, ARTIKL_NABAVA_ID, UTROSAK)
VALUES ('540', '163', '101', '0.008');
INSERT INTO NORMATIV (ID_NORMATIV, ARTIKL_PRODAJA_ID, ARTIKL_NABAVA_ID, UTROSAK)
VALUES ('542', '164', '89', '0.0001');
INSERT INTO NORMATIV (ID_NORMATIV, ARTIKL_PRODAJA_ID, ARTIKL_NABAVA_ID, UTROSAK)
VALUES ('543', '164', '101', '0.02');
INSERT INTO NORMATIV (ID_NORMATIV, ARTIKL_PRODAJA_ID, ARTIKL_NABAVA_ID, UTROSAK)
VALUES ('544', '164', '115', '0.25');
INSERT INTO NORMATIV (ID_NORMATIV, ARTIKL_PRODAJA_ID, ARTIKL_NABAVA_ID, UTROSAK)
VALUES ('545', '165', '40', '0.001');
INSERT INTO NORMATIV (ID_NORMATIV, ARTIKL_PRODAJA_ID, ARTIKL_NABAVA_ID, UTROSAK)
VALUES ('547', '165', '97', '0.005');
INSERT INTO NORMATIV (ID_NORMATIV, ARTIKL_PRODAJA_ID, ARTIKL_NABAVA_ID, UTROSAK)
VALUES ('548', '165', '101', '0.001');
INSERT INTO NORMATIV (ID_NORMATIV, ARTIKL_PRODAJA_ID, ARTIKL_NABAVA_ID, UTROSAK)
VALUES ('550', '166', '137', '0.15');
INSERT INTO NORMATIV (ID_NORMATIV, ARTIKL_PRODAJA_ID, ARTIKL_NABAVA_ID, UTROSAK)
VALUES ('552', '168', '136', '0.2');
INSERT INTO NORMATIV (ID_NORMATIV, ARTIKL_PRODAJA_ID, ARTIKL_NABAVA_ID, UTROSAK)
VALUES ('553', '169', '136', '0.25');
INSERT INTO NORMATIV (ID_NORMATIV, ARTIKL_PRODAJA_ID, ARTIKL_NABAVA_ID, UTROSAK)
VALUES ('555', '170', '40', '0.01');
INSERT INTO NORMATIV (ID_NORMATIV, ARTIKL_PRODAJA_ID, ARTIKL_NABAVA_ID, UTROSAK)
VALUES ('556', '170', '87', '0.02');
INSERT INTO NORMATIV (ID_NORMATIV, ARTIKL_PRODAJA_ID, ARTIKL_NABAVA_ID, UTROSAK)
VALUES ('557', '170', '88', '0.002');
INSERT INTO NORMATIV (ID_NORMATIV, ARTIKL_PRODAJA_ID, ARTIKL_NABAVA_ID, UTROSAK)
VALUES ('558', '170', '89', '0.001');
INSERT INTO NORMATIV (ID_NORMATIV, ARTIKL_PRODAJA_ID, ARTIKL_NABAVA_ID, UTROSAK)
VALUES ('560', '170', '105', '0.01');
INSERT INTO NORMATIV (ID_NORMATIV, ARTIKL_PRODAJA_ID, ARTIKL_NABAVA_ID, UTROSAK)
VALUES ('561', '170', '119', '0.4');
INSERT INTO NORMATIV (ID_NORMATIV, ARTIKL_PRODAJA_ID, ARTIKL_NABAVA_ID, UTROSAK)
VALUES ('563', '171', '100', '0.05');
INSERT INTO NORMATIV (ID_NORMATIV, ARTIKL_PRODAJA_ID, ARTIKL_NABAVA_ID, UTROSAK)
VALUES ('565', '171', '109', '0.08');
INSERT INTO NORMATIV (ID_NORMATIV, ARTIKL_PRODAJA_ID, ARTIKL_NABAVA_ID, UTROSAK)
VALUES ('567', '171', '140', '0.02');
INSERT INTO NORMATIV (ID_NORMATIV, ARTIKL_PRODAJA_ID, ARTIKL_NABAVA_ID, UTROSAK)
VALUES ('568', '171', '141', '0.1');
INSERT INTO NORMATIV (ID_NORMATIV, ARTIKL_PRODAJA_ID, ARTIKL_NABAVA_ID, UTROSAK)
VALUES ('570', '172', '88', '0.004');
INSERT INTO NORMATIV (ID_NORMATIV, ARTIKL_PRODAJA_ID, ARTIKL_NABAVA_ID, UTROSAK)
VALUES ('572', '172', '139', '0.005');
INSERT INTO NORMATIV (ID_NORMATIV, ARTIKL_PRODAJA_ID, ARTIKL_NABAVA_ID, UTROSAK)
VALUES ('573', '172', '142', '0.13');
INSERT INTO NORMATIV (ID_NORMATIV, ARTIKL_PRODAJA_ID, ARTIKL_NABAVA_ID, UTROSAK)
VALUES ('575', '173', '88', '0.003');
INSERT INTO NORMATIV (ID_NORMATIV, ARTIKL_PRODAJA_ID, ARTIKL_NABAVA_ID, UTROSAK)
VALUES ('577', '173', '139', '0.003');
INSERT INTO NORMATIV (ID_NORMATIV, ARTIKL_PRODAJA_ID, ARTIKL_NABAVA_ID, UTROSAK)
VALUES ('579', '174', '88', '0.004');
INSERT INTO NORMATIV (ID_NORMATIV, ARTIKL_PRODAJA_ID, ARTIKL_NABAVA_ID, UTROSAK)
VALUES ('580', '174', '89', '0.0005');
INSERT INTO NORMATIV (ID_NORMATIV, ARTIKL_PRODAJA_ID, ARTIKL_NABAVA_ID, UTROSAK)
VALUES ('582', '174', '109', '0.4');
INSERT INTO NORMATIV (ID_NORMATIV, ARTIKL_PRODAJA_ID, ARTIKL_NABAVA_ID, UTROSAK)
VALUES ('583', '174', '139', '0.005');
INSERT INTO NORMATIV (ID_NORMATIV, ARTIKL_PRODAJA_ID, ARTIKL_NABAVA_ID, UTROSAK)
VALUES ('584', '175', '88', '0.004');
INSERT INTO NORMATIV (ID_NORMATIV, ARTIKL_PRODAJA_ID, ARTIKL_NABAVA_ID, UTROSAK)
VALUES ('585', '175', '89', '0.0001');
INSERT INTO NORMATIV (ID_NORMATIV, ARTIKL_PRODAJA_ID, ARTIKL_NABAVA_ID, UTROSAK)
VALUES ('586', '175', '101', '0.008');
INSERT INTO NORMATIV (ID_NORMATIV, ARTIKL_PRODAJA_ID, ARTIKL_NABAVA_ID, UTROSAK)
VALUES ('587', '175', '104', '0.02');
INSERT INTO NORMATIV (ID_NORMATIV, ARTIKL_PRODAJA_ID, ARTIKL_NABAVA_ID, UTROSAK)
VALUES ('588', '175', '139', '0.008');
INSERT INTO NORMATIV (ID_NORMATIV, ARTIKL_PRODAJA_ID, ARTIKL_NABAVA_ID, UTROSAK)
VALUES ('589', '175', '140', '0.2');
INSERT INTO NORMATIV (ID_NORMATIV, ARTIKL_PRODAJA_ID, ARTIKL_NABAVA_ID, UTROSAK)
VALUES ('590', '176', '87', '0.02');
INSERT INTO NORMATIV (ID_NORMATIV, ARTIKL_PRODAJA_ID, ARTIKL_NABAVA_ID, UTROSAK)
VALUES ('591', '176', '88', '0.004');
INSERT INTO NORMATIV (ID_NORMATIV, ARTIKL_PRODAJA_ID, ARTIKL_NABAVA_ID, UTROSAK)
VALUES ('592', '176', '100', '0.1');
INSERT INTO NORMATIV (ID_NORMATIV, ARTIKL_PRODAJA_ID, ARTIKL_NABAVA_ID, UTROSAK)
VALUES ('593', '176', '101', '0.008');
INSERT INTO NORMATIV (ID_NORMATIV, ARTIKL_PRODAJA_ID, ARTIKL_NABAVA_ID, UTROSAK)
VALUES ('594', '176', '139', '0.005');
INSERT INTO NORMATIV (ID_NORMATIV, ARTIKL_PRODAJA_ID, ARTIKL_NABAVA_ID, UTROSAK)
VALUES ('595', '177', '89', '0.0005');
INSERT INTO NORMATIV (ID_NORMATIV, ARTIKL_PRODAJA_ID, ARTIKL_NABAVA_ID, UTROSAK)
VALUES ('596', '177', '101', '0.01');
INSERT INTO NORMATIV (ID_NORMATIV, ARTIKL_PRODAJA_ID, ARTIKL_NABAVA_ID, UTROSAK)
VALUES ('597', '177', '104', '0.004');
INSERT INTO NORMATIV (ID_NORMATIV, ARTIKL_PRODAJA_ID, ARTIKL_NABAVA_ID, UTROSAK)
VALUES ('598', '177', '110', '0.2');
INSERT INTO NORMATIV (ID_NORMATIV, ARTIKL_PRODAJA_ID, ARTIKL_NABAVA_ID, UTROSAK)
VALUES ('599', '177', '139', '0.008');
INSERT INTO NORMATIV (ID_NORMATIV, ARTIKL_PRODAJA_ID, ARTIKL_NABAVA_ID, UTROSAK)
VALUES ('600', '178', '87', '0.002');
INSERT INTO NORMATIV (ID_NORMATIV, ARTIKL_PRODAJA_ID, ARTIKL_NABAVA_ID, UTROSAK)
VALUES ('601', '178', '88', '0.008');
INSERT INTO NORMATIV (ID_NORMATIV, ARTIKL_PRODAJA_ID, ARTIKL_NABAVA_ID, UTROSAK)
VALUES ('602', '178', '98', '0.35');
INSERT INTO NORMATIV (ID_NORMATIV, ARTIKL_PRODAJA_ID, ARTIKL_NABAVA_ID, UTROSAK)
VALUES ('603', '178', '101', '0.02');
INSERT INTO NORMATIV (ID_NORMATIV, ARTIKL_PRODAJA_ID, ARTIKL_NABAVA_ID, UTROSAK)
VALUES ('604', '179', '87', '0.1');
INSERT INTO NORMATIV (ID_NORMATIV, ARTIKL_PRODAJA_ID, ARTIKL_NABAVA_ID, UTROSAK)
VALUES ('605', '179', '101', '0.02');
INSERT INTO NORMATIV (ID_NORMATIV, ARTIKL_PRODAJA_ID, ARTIKL_NABAVA_ID, UTROSAK)
VALUES ('606', '179', '110', '0.1');
INSERT INTO NORMATIV (ID_NORMATIV, ARTIKL_PRODAJA_ID, ARTIKL_NABAVA_ID, UTROSAK)
VALUES ('607', '179', '141', '0.1');
INSERT INTO NORMATIV (ID_NORMATIV, ARTIKL_PRODAJA_ID, ARTIKL_NABAVA_ID, UTROSAK)
VALUES ('608', '180', '88', '0.004');
INSERT INTO NORMATIV (ID_NORMATIV, ARTIKL_PRODAJA_ID, ARTIKL_NABAVA_ID, UTROSAK)
VALUES ('609', '180', '89', '0.0001');
INSERT INTO NORMATIV (ID_NORMATIV, ARTIKL_PRODAJA_ID, ARTIKL_NABAVA_ID, UTROSAK)
VALUES ('610', '180', '101', '0.008');
INSERT INTO NORMATIV (ID_NORMATIV, ARTIKL_PRODAJA_ID, ARTIKL_NABAVA_ID, UTROSAK)
VALUES ('611', '180', '104', '0.02');
INSERT INTO NORMATIV (ID_NORMATIV, ARTIKL_PRODAJA_ID, ARTIKL_NABAVA_ID, UTROSAK)
VALUES ('612', '180', '114', '0.01');
INSERT INTO NORMATIV (ID_NORMATIV, ARTIKL_PRODAJA_ID, ARTIKL_NABAVA_ID, UTROSAK)
VALUES ('613', '180', '139', '0.008');
INSERT INTO NORMATIV (ID_NORMATIV, ARTIKL_PRODAJA_ID, ARTIKL_NABAVA_ID, UTROSAK)
VALUES ('614', '180', '140', '0.2');
INSERT INTO NORMATIV (ID_NORMATIV, ARTIKL_PRODAJA_ID, ARTIKL_NABAVA_ID, UTROSAK)
VALUES ('615', '182', '158', '0.05');
INSERT INTO NORMATIV (ID_NORMATIV, ARTIKL_PRODAJA_ID, ARTIKL_NABAVA_ID, UTROSAK)
VALUES ('616', '183', '87', '0.03');
INSERT INTO NORMATIV (ID_NORMATIV, ARTIKL_PRODAJA_ID, ARTIKL_NABAVA_ID, UTROSAK)
VALUES ('617', '183', '88', '0.04');
INSERT INTO NORMATIV (ID_NORMATIV, ARTIKL_PRODAJA_ID, ARTIKL_NABAVA_ID, UTROSAK)
VALUES ('618', '183', '101', '0.05');
INSERT INTO NORMATIV (ID_NORMATIV, ARTIKL_PRODAJA_ID, ARTIKL_NABAVA_ID, UTROSAK)
VALUES ('619', '183', '110', '0.05');
INSERT INTO NORMATIV (ID_NORMATIV, ARTIKL_PRODAJA_ID, ARTIKL_NABAVA_ID, UTROSAK)
VALUES ('620', '183', '139', '0.05');
INSERT INTO NORMATIV (ID_NORMATIV, ARTIKL_PRODAJA_ID, ARTIKL_NABAVA_ID, UTROSAK)
VALUES ('621', '183', '140', '0.05');
INSERT INTO NORMATIV (ID_NORMATIV, ARTIKL_PRODAJA_ID, ARTIKL_NABAVA_ID, UTROSAK)
VALUES ('622', '183', '141', '0.1');
INSERT INTO NORMATIV (ID_NORMATIV, ARTIKL_PRODAJA_ID, ARTIKL_NABAVA_ID, UTROSAK)
VALUES ('623', '183', '149', '0.03');
INSERT INTO NORMATIV (ID_NORMATIV, ARTIKL_PRODAJA_ID, ARTIKL_NABAVA_ID, UTROSAK)
VALUES ('624', '184', '87', '0.15');
INSERT INTO NORMATIV (ID_NORMATIV, ARTIKL_PRODAJA_ID, ARTIKL_NABAVA_ID, UTROSAK)
VALUES ('625', '185', '88', '0.003');
INSERT INTO NORMATIV (ID_NORMATIV, ARTIKL_PRODAJA_ID, ARTIKL_NABAVA_ID, UTROSAK)
VALUES ('626', '185', '89', '0.003');
INSERT INTO NORMATIV (ID_NORMATIV, ARTIKL_PRODAJA_ID, ARTIKL_NABAVA_ID, UTROSAK)
VALUES ('627', '185', '98', '0.1');
INSERT INTO NORMATIV (ID_NORMATIV, ARTIKL_PRODAJA_ID, ARTIKL_NABAVA_ID, UTROSAK)
VALUES ('628', '185', '101', '0.005');
INSERT INTO NORMATIV (ID_NORMATIV, ARTIKL_PRODAJA_ID, ARTIKL_NABAVA_ID, UTROSAK)
VALUES ('629', '185', '104', '0.003');
INSERT INTO NORMATIV (ID_NORMATIV, ARTIKL_PRODAJA_ID, ARTIKL_NABAVA_ID, UTROSAK)
VALUES ('630', '185', '135', '0.005');
INSERT INTO NORMATIV (ID_NORMATIV, ARTIKL_PRODAJA_ID, ARTIKL_NABAVA_ID, UTROSAK)
VALUES ('631', '185', '160', '0.3');
INSERT INTO NORMATIV (ID_NORMATIV, ARTIKL_PRODAJA_ID, ARTIKL_NABAVA_ID, UTROSAK)
VALUES ('632', '186', '106', '0.1');
INSERT INTO NORMATIV (ID_NORMATIV, ARTIKL_PRODAJA_ID, ARTIKL_NABAVA_ID, UTROSAK)
VALUES ('633', '187', '155', '0.2');
INSERT INTO NORMATIV (ID_NORMATIV, ARTIKL_PRODAJA_ID, ARTIKL_NABAVA_ID, UTROSAK)
VALUES ('634', '188', '111', '0.2');
INSERT INTO NORMATIV (ID_NORMATIV, ARTIKL_PRODAJA_ID, ARTIKL_NABAVA_ID, UTROSAK)
VALUES ('635', '189', '162', '1');
INSERT INTO NORMATIV (ID_NORMATIV, ARTIKL_PRODAJA_ID, ARTIKL_NABAVA_ID, UTROSAK)
VALUES ('636', '190', '163', '1');
INSERT INTO NORMATIV (ID_NORMATIV, ARTIKL_PRODAJA_ID, ARTIKL_NABAVA_ID, UTROSAK)
VALUES ('497', '156', '87', '0.03');
INSERT INTO NORMATIV (ID_NORMATIV, ARTIKL_PRODAJA_ID, ARTIKL_NABAVA_ID, UTROSAK)
VALUES ('503', '156', '153', '0.2');
INSERT INTO NORMATIV (ID_NORMATIV, ARTIKL_PRODAJA_ID, ARTIKL_NABAVA_ID, UTROSAK)
VALUES ('506', '157', '88', '0.005');
INSERT INTO NORMATIV (ID_NORMATIV, ARTIKL_PRODAJA_ID, ARTIKL_NABAVA_ID, UTROSAK)
VALUES ('509', '157', '95', '0.008');
INSERT INTO NORMATIV (ID_NORMATIV, ARTIKL_PRODAJA_ID, ARTIKL_NABAVA_ID, UTROSAK)
VALUES ('512', '157', '104', '0.04');
INSERT INTO NORMATIV (ID_NORMATIV, ARTIKL_PRODAJA_ID, ARTIKL_NABAVA_ID, UTROSAK)
VALUES ('515', '158', '156', '0.2');
INSERT INTO NORMATIV (ID_NORMATIV, ARTIKL_PRODAJA_ID, ARTIKL_NABAVA_ID, UTROSAK)
VALUES ('519', '159', '97', '0.05');
INSERT INTO NORMATIV (ID_NORMATIV, ARTIKL_PRODAJA_ID, ARTIKL_NABAVA_ID, UTROSAK)
VALUES ('521', '159', '129', '0.025');
INSERT INTO NORMATIV (ID_NORMATIV, ARTIKL_PRODAJA_ID, ARTIKL_NABAVA_ID, UTROSAK)
VALUES ('524', '160', '91', '0.05');
INSERT INTO NORMATIV (ID_NORMATIV, ARTIKL_PRODAJA_ID, ARTIKL_NABAVA_ID, UTROSAK)
VALUES ('526', '160', '97', '0.05');
INSERT INTO NORMATIV (ID_NORMATIV, ARTIKL_PRODAJA_ID, ARTIKL_NABAVA_ID, UTROSAK)
VALUES ('529', '160', '147', '0.3');
INSERT INTO NORMATIV (ID_NORMATIV, ARTIKL_PRODAJA_ID, ARTIKL_NABAVA_ID, UTROSAK)
VALUES ('531', '161', '85', '0.03');
INSERT INTO NORMATIV (ID_NORMATIV, ARTIKL_PRODAJA_ID, ARTIKL_NABAVA_ID, UTROSAK)
VALUES ('533', '162', '87', '0.03');
INSERT INTO NORMATIV (ID_NORMATIV, ARTIKL_PRODAJA_ID, ARTIKL_NABAVA_ID, UTROSAK)
VALUES ('537', '163', '87', '0.003');
INSERT INTO NORMATIV (ID_NORMATIV, ARTIKL_PRODAJA_ID, ARTIKL_NABAVA_ID, UTROSAK)
VALUES ('539', '163', '98', '0.4');
INSERT INTO NORMATIV (ID_NORMATIV, ARTIKL_PRODAJA_ID, ARTIKL_NABAVA_ID, UTROSAK)
VALUES ('541', '164', '88', '0.006');
INSERT INTO NORMATIV (ID_NORMATIV, ARTIKL_PRODAJA_ID, ARTIKL_NABAVA_ID, UTROSAK)
VALUES ('546', '165', '85', '0.001');
INSERT INTO NORMATIV (ID_NORMATIV, ARTIKL_PRODAJA_ID, ARTIKL_NABAVA_ID, UTROSAK)
VALUES ('549', '165', '107', '0.001');
INSERT INTO NORMATIV (ID_NORMATIV, ARTIKL_PRODAJA_ID, ARTIKL_NABAVA_ID, UTROSAK)
VALUES ('551', '167', '128', '0.15');
INSERT INTO NORMATIV (ID_NORMATIV, ARTIKL_PRODAJA_ID, ARTIKL_NABAVA_ID, UTROSAK)
VALUES ('554', '169', '138', '0.05');
INSERT INTO NORMATIV (ID_NORMATIV, ARTIKL_PRODAJA_ID, ARTIKL_NABAVA_ID, UTROSAK)
VALUES ('559', '170', '101', '0.02');
INSERT INTO NORMATIV (ID_NORMATIV, ARTIKL_PRODAJA_ID, ARTIKL_NABAVA_ID, UTROSAK)
VALUES ('562', '171', '88', '0.004');
INSERT INTO NORMATIV (ID_NORMATIV, ARTIKL_PRODAJA_ID, ARTIKL_NABAVA_ID, UTROSAK)
VALUES ('564', '171', '101', '0.008');
INSERT INTO NORMATIV (ID_NORMATIV, ARTIKL_PRODAJA_ID, ARTIKL_NABAVA_ID, UTROSAK)
VALUES ('566', '171', '139', '0.005');
INSERT INTO NORMATIV (ID_NORMATIV, ARTIKL_PRODAJA_ID, ARTIKL_NABAVA_ID, UTROSAK)
VALUES ('569', '171', '142', '0.004');
INSERT INTO NORMATIV (ID_NORMATIV, ARTIKL_PRODAJA_ID, ARTIKL_NABAVA_ID, UTROSAK)
VALUES ('571', '172', '101', '0.008');
INSERT INTO NORMATIV (ID_NORMATIV, ARTIKL_PRODAJA_ID, ARTIKL_NABAVA_ID, UTROSAK)
VALUES ('574', '173', '87', '0.015');
INSERT INTO NORMATIV (ID_NORMATIV, ARTIKL_PRODAJA_ID, ARTIKL_NABAVA_ID, UTROSAK)
VALUES ('576', '173', '101', '0.008');
INSERT INTO NORMATIV (ID_NORMATIV, ARTIKL_PRODAJA_ID, ARTIKL_NABAVA_ID, UTROSAK)
VALUES ('578', '173', '141', '0.1');
INSERT INTO NORMATIV (ID_NORMATIV, ARTIKL_PRODAJA_ID, ARTIKL_NABAVA_ID, UTROSAK)
VALUES ('581', '174', '101', '0.008');
REM INSERTING into POREZNA_STOPA
SET DEFINE OFF;
INSERT INTO POREZNA_STOPA (ID_POREZNA_STOPA, OZNAKA, IZNOS)
VALUES ('1', 'A', '0.25');
INSERT INTO POREZNA_STOPA (ID_POREZNA_STOPA, OZNAKA, IZNOS)
VALUES ('2', 'AB', '0.28');
INSERT INTO POREZNA_STOPA (ID_POREZNA_STOPA, OZNAKA, IZNOS)
VALUES ('3', 'C', '0.13');
INSERT INTO POREZNA_STOPA (ID_POREZNA_STOPA, OZNAKA, IZNOS)
VALUES ('4', 'D', '0.05');
--------------------------------------------------------
--  DDL for Index ARTIKL_NABAVA_pk
--------------------------------------------------------
CREATE UNIQUE INDEX "ARTIKL_NABAVA_pk" ON "ARTIKL_NABAVA" ("ID_ARTIKL_NABAVA")
;
--------------------------------------------------------
--  DDL for Index SIFRA_NABAVA_uq
--------------------------------------------------------
CREATE UNIQUE INDEX "SIFRA_NABAVA_uq" ON "ARTIKL_NABAVA" ("SIFRA")
;
--------------------------------------------------------
--  DDL for Index NAZIV_NABAVA_uq
--------------------------------------------------------
CREATE UNIQUE INDEX "NAZIV_NABAVA_uq" ON "ARTIKL_NABAVA" ("NAZIV")
;
--------------------------------------------------------
--  DDL for Index ARTIKL_BLAGAJNA_pk
--------------------------------------------------------
CREATE UNIQUE INDEX "ARTIKL_BLAGAJNA_pk" ON "ARTIKL_PRODAJA" ("ID_ARTIKL_PRODAJA")
;
--------------------------------------------------------
--  DDL for Index SIFRA_BLAGAJNA_uq
--------------------------------------------------------
CREATE UNIQUE INDEX "SIFRA_BLAGAJNA_uq" ON "ARTIKL_PRODAJA" ("SIFRA")
;
--------------------------------------------------------
--  DDL for Index ARTIKL_BLAGAJNA_NAZIV_uq
--------------------------------------------------------
CREATE UNIQUE INDEX "ARTIKL_BLAGAJNA_NAZIV_uq" ON "ARTIKL_PRODAJA" ("NAZIV")
;
--------------------------------------------------------
--  DDL for Index GRUPA_ARTIKALA_NABAVA_NAZIV_uq
--------------------------------------------------------
CREATE UNIQUE INDEX "GRUPA_ARTIKALA_NABAVA_NAZIV_uq" ON "GRUPA_ARTIKALA_NABAVA" ("NAZIV")
;
--------------------------------------------------------
--  DDL for Index GRUPA_ARTIKALA_NABAVA_pk
--------------------------------------------------------
CREATE UNIQUE INDEX "GRUPA_ARTIKALA_NABAVA_pk" ON "GRUPA_ARTIKALA_NABAVA" ("ID_GRUPA_ARTIKALA_NABAVA")
;
--------------------------------------------------------
--  DDL for Index GRUPA_ARTIKALA_pk
--------------------------------------------------------
CREATE UNIQUE INDEX "GRUPA_ARTIKALA_pk" ON "GRUPA_ARTIKALA_PRODAJA" ("ID_GRUPA_ARTIKALA_PRODAJA")
;
--------------------------------------------------------
--  DDL for Index NAZIV_uq
--------------------------------------------------------
CREATE UNIQUE INDEX "NAZIV_uq" ON "GRUPA_ARTIKALA_PRODAJA" ("NAZIV")
;
--------------------------------------------------------
--  DDL for Index JEDINICA_MJERE_pk
--------------------------------------------------------
CREATE UNIQUE INDEX "JEDINICA_MJERE_pk" ON "JEDINICA_MJERE" ("ID_JEDINICA_MJERE")
;
--------------------------------------------------------
--  DDL for Index NORMATIV_pk
--------------------------------------------------------
CREATE UNIQUE INDEX "NORMATIV_pk" ON "NORMATIV" ("ID_NORMATIV")
;
--------------------------------------------------------
--  DDL for Index OZNAKA_uq
--------------------------------------------------------
CREATE UNIQUE INDEX "OZNAKA_uq" ON "POREZNA_STOPA" ("OZNAKA")
;
--------------------------------------------------------
--  DDL for Index POREZNA_STOPA_pk
--------------------------------------------------------
CREATE UNIQUE INDEX "POREZNA_STOPA_pk" ON "POREZNA_STOPA" ("ID_POREZNA_STOPA")
;
--------------------------------------------------------
--  Constraints for Table ARTIKL_NABAVA
--------------------------------------------------------
ALTER TABLE "ARTIKL_NABAVA"
    MODIFY ("SIFRA" NOT NULL ENABLE);
ALTER TABLE "ARTIKL_NABAVA"
    MODIFY ("GRUPA_ARTIKALA_NABAVA_ID" NOT NULL ENABLE);
ALTER TABLE "ARTIKL_NABAVA"
    MODIFY ("NAZIV" NOT NULL ENABLE);
ALTER TABLE "ARTIKL_NABAVA"
    MODIFY ("JEDINICA_MJERE_ID" NOT NULL ENABLE);
ALTER TABLE "ARTIKL_NABAVA"
    ADD CONSTRAINT "NABAVNA_CIJENA_POZITIVNA_CHK" CHECK (NABAVNA_CIJENA > 0) ENABLE;
ALTER TABLE "ARTIKL_NABAVA"
    ADD CONSTRAINT "PRODAJNA_CIJENA_POZITIVNA_CHK" CHECK (PRODAJNA_CIJENA > 0) ENABLE;
ALTER TABLE "ARTIKL_NABAVA"
    ADD CONSTRAINT "ARTIKL_NABAVA_pk" PRIMARY KEY ("ID_ARTIKL_NABAVA")
        USING INDEX ENABLE;
ALTER TABLE "ARTIKL_NABAVA"
    ADD CONSTRAINT "SIFRA_NABAVA_uq" UNIQUE ("SIFRA")
        USING INDEX ENABLE;
ALTER TABLE "ARTIKL_NABAVA"
    ADD CONSTRAINT "NAZIV_NABAVA_uq" UNIQUE ("NAZIV")
        USING INDEX ENABLE;
--------------------------------------------------------
--  Constraints for Table ARTIKL_PRODAJA
--------------------------------------------------------
ALTER TABLE "ARTIKL_PRODAJA"
    MODIFY ("NAZIV" NOT NULL ENABLE);
ALTER TABLE "ARTIKL_PRODAJA"
    MODIFY ("SIFRA" NOT NULL ENABLE);
ALTER TABLE "ARTIKL_PRODAJA"
    MODIFY ("GRUPA_ARTIKALA_PRODAJA_ID" NOT NULL ENABLE);
ALTER TABLE "ARTIKL_PRODAJA"
    MODIFY ("JEDINICA_MJERE_ID" NOT NULL ENABLE);
ALTER TABLE "ARTIKL_PRODAJA"
    MODIFY ("CIJENA" NOT NULL ENABLE);
ALTER TABLE "ARTIKL_PRODAJA"
    ADD CONSTRAINT "ARTIKL_PRODAJA_NAZIV_uq" UNIQUE ("NAZIV")
        USING INDEX ENABLE;
ALTER TABLE "ARTIKL_PRODAJA"
    ADD CONSTRAINT "ARTIKL_PRODAJA_pk" PRIMARY KEY ("ID_ARTIKL_PRODAJA")
        USING INDEX ENABLE;
ALTER TABLE "ARTIKL_PRODAJA"
    ADD CONSTRAINT "ARTIKL_PRODAJA_SIFRA_uq" UNIQUE ("SIFRA") ENABLE;
--------------------------------------------------------
--  Constraints for Table GRUPA_ARTIKALA_NABAVA
--------------------------------------------------------
ALTER TABLE "GRUPA_ARTIKALA_NABAVA"
    MODIFY ("ID_GRUPA_ARTIKALA_NABAVA" NOT NULL ENABLE);
ALTER TABLE "GRUPA_ARTIKALA_NABAVA"
    MODIFY ("NAZIV" NOT NULL ENABLE);
ALTER TABLE "GRUPA_ARTIKALA_NABAVA"
    MODIFY ("POREZNA_STOPA_ID" NOT NULL ENABLE);
ALTER TABLE "GRUPA_ARTIKALA_NABAVA"
    MODIFY ("VIDLJIVO" NOT NULL ENABLE);
ALTER TABLE "GRUPA_ARTIKALA_NABAVA"
    ADD CONSTRAINT "GRUPA_ARTIKALA_NABAVA_NAZIV_uq" UNIQUE ("NAZIV")
        USING INDEX ENABLE;
ALTER TABLE "GRUPA_ARTIKALA_NABAVA"
    ADD CONSTRAINT "GRUPA_ARTIKALA_NABAVA_pk" PRIMARY KEY ("ID_GRUPA_ARTIKALA_NABAVA")
        USING INDEX ENABLE;
--------------------------------------------------------
--  Constraints for Table GRUPA_ARTIKALA_PRODAJA
--------------------------------------------------------
ALTER TABLE "GRUPA_ARTIKALA_PRODAJA"
    MODIFY ("NAZIV" NOT NULL ENABLE);
ALTER TABLE "GRUPA_ARTIKALA_PRODAJA"
    MODIFY ("POREZNA_STOPA_ID" NOT NULL ENABLE);
ALTER TABLE "GRUPA_ARTIKALA_PRODAJA"
    MODIFY ("VIDLJIVO" NOT NULL ENABLE);
ALTER TABLE "GRUPA_ARTIKALA_PRODAJA"
    ADD CONSTRAINT "GRUPA_ARTIKALA_PRODAJA_pk" PRIMARY KEY ("ID_GRUPA_ARTIKALA_PRODAJA")
        USING INDEX ENABLE;
ALTER TABLE "GRUPA_ARTIKALA_PRODAJA"
    ADD CONSTRAINT "GRUPA_ARTIKALA_PRODAJA_NAZIV_uq" UNIQUE ("NAZIV")
        USING INDEX ENABLE;
--------------------------------------------------------
--  Constraints for Table JEDINICA_MJERE
--------------------------------------------------------

ALTER TABLE "JEDINICA_MJERE"
    MODIFY ("OZNAKA" NOT NULL ENABLE);
ALTER TABLE "JEDINICA_MJERE"
    ADD CONSTRAINT "JEDINICA_MJERE_pk" PRIMARY KEY ("ID_JEDINICA_MJERE")
        USING INDEX ENABLE;
--------------------------------------------------------
--  Constraints for Table NORMATIV
--------------------------------------------------------
ALTER TABLE "NORMATIV"
    MODIFY ("ARTIKL_PRODAJA_ID" NOT NULL ENABLE);
ALTER TABLE "NORMATIV"
    MODIFY ("ARTIKL_NABAVA_ID" NOT NULL ENABLE);
ALTER TABLE "NORMATIV"
    MODIFY ("UTROSAK" NOT NULL ENABLE);
ALTER TABLE "NORMATIV"
    ADD CONSTRAINT "NORMATIV_UTROSAK_POZITIVAN" CHECK (UTROSAK > 0) ENABLE;
ALTER TABLE "NORMATIV"
    ADD CONSTRAINT "NORMATIV_pk" PRIMARY KEY ("ID_NORMATIV")
        USING INDEX ENABLE;
--------------------------------------------------------
--  Constraints for Table POREZNA_STOPA
--------------------------------------------------------

ALTER TABLE "POREZNA_STOPA"
    MODIFY ("OZNAKA" NOT NULL ENABLE);
ALTER TABLE "POREZNA_STOPA"
    ADD CONSTRAINT "POREZNA_STOPA_pk" PRIMARY KEY ("ID_POREZNA_STOPA")
        USING INDEX ENABLE;
ALTER TABLE "POREZNA_STOPA"
    ADD CONSTRAINT "OZNAKA_uq" UNIQUE ("OZNAKA")
        USING INDEX ENABLE;
ALTER TABLE "POREZNA_STOPA"
    MODIFY ("IZNOS" NOT NULL ENABLE);
ALTER TABLE "POREZNA_STOPA"
    ADD CONSTRAINT "POREZNA_STOPA_CHK" CHECK (IZNOS BETWEEN 0 AND 1) ENABLE;
--------------------------------------------------------
--  Ref Constraints for Table ARTIKL_NABAVA
--------------------------------------------------------
ALTER TABLE "ARTIKL_NABAVA"
    ADD CONSTRAINT "ARTIKL_NABAVA_GRUPA_ARTIKALA_NABAVA_fk" FOREIGN KEY ("GRUPA_ARTIKALA_NABAVA_ID")
        REFERENCES "GRUPA_ARTIKALA_NABAVA" ("ID_GRUPA_ARTIKALA_NABAVA") ENABLE;
ALTER TABLE "ARTIKL_NABAVA"
    ADD CONSTRAINT "ARTIKL_NABAVA_JEDINICA_MJERE_fk" FOREIGN KEY ("JEDINICA_MJERE_ID")
        REFERENCES "JEDINICA_MJERE" ("ID_JEDINICA_MJERE") ENABLE;
--------------------------------------------------------
--  Ref Constraints for Table ARTIKL_PRODAJA
--------------------------------------------------------
ALTER TABLE "ARTIKL_PRODAJA"
    ADD CONSTRAINT "ARTIKL_PRODAJA_JEDINICA_MJERE_fk" FOREIGN KEY ("JEDINICA_MJERE_ID")
        REFERENCES "JEDINICA_MJERE" ("ID_JEDINICA_MJERE") ENABLE;
ALTER TABLE "ARTIKL_PRODAJA"
    ADD CONSTRAINT "ARTIKL_PRODAJA_GRUPA_ARTIKALA_PRODAJA_fk" FOREIGN KEY ("GRUPA_ARTIKALA_PRODAJA_ID")
        REFERENCES "GRUPA_ARTIKALA_PRODAJA" ("ID_GRUPA_ARTIKALA_PRODAJA") ENABLE;
--------------------------------------------------------
--  Ref Constraints for Table GRUPA_ARTIKALA_NABAVA
--------------------------------------------------------
ALTER TABLE "GRUPA_ARTIKALA_NABAVA"
    ADD CONSTRAINT "GRUPA_ARTIKALA_NABAVA_POREZNA_STOPA_fk" FOREIGN KEY ("POREZNA_STOPA_ID")
        REFERENCES "POREZNA_STOPA" ("ID_POREZNA_STOPA") ENABLE;
--------------------------------------------------------
--  Ref Constraints for Table GRUPA_ARTIKALA_PRODAJA
--------------------------------------------------------
ALTER TABLE "GRUPA_ARTIKALA_PRODAJA"
    ADD CONSTRAINT "GRUPA_ARTIKALA_PRODAJA_POREZNA_STOPA_fk" FOREIGN KEY ("POREZNA_STOPA_ID")
        REFERENCES "POREZNA_STOPA" ("ID_POREZNA_STOPA") ENABLE;
--------------------------------------------------------
--  Ref Constraints for Table NORMATIV
--------------------------------------------------------
ALTER TABLE "NORMATIV"
    ADD CONSTRAINT "NORMATIV_ARTIKL_PRODAJA_fk" FOREIGN KEY ("ARTIKL_PRODAJA_ID")
        REFERENCES "ARTIKL_PRODAJA" ("ID_ARTIKL_PRODAJA") ENABLE;
ALTER TABLE "NORMATIV"
    ADD CONSTRAINT "NORMATIV_ARTIKL_NABAVA_null_fk" FOREIGN KEY ("ARTIKL_NABAVA_ID")
        REFERENCES "ARTIKL_NABAVA" ("ID_ARTIKL_NABAVA") ENABLE;
